STUDYID,USUBJID,SITEID,COUNTRY,REGION,AGE,AGEU,SEX,RACE,ARM,ARMCD,RANDDT
STUDY001,SUBJ0001,SITE07,India,APAC,42,YEARS,M,Asian,Placebo,PLACEB,2023-01-07
STUDY001,SUBJ0002,SITE04,USA,NA,73,YEARS,M,White,Drug A,DRUGA,2023-06-04
STUDY001,SUBJ0003,SITE13,USA,NA,71,YEARS,M,Asian,Drug A,DRUGA,2023-01-10
STUDY001,SUBJ0004,SITE15,India,APAC,60,YEARS,F,Other,Placebo,PLACEB,2023-02-03
STUDY001,SUBJ0005,SITE11,India,APAC,60,YEARS,M,Other,Placebo,PLACEB,2023-02-05
STUDY001,SUBJ0006,SITE08,India,APAC,50,YEARS,F,Asian,Drug A,DRUGA,2023-06-02
STUDY001,SUBJ0007,SITE13,USA,NA,78,YEARS,F,Asian,Placebo,PLACEB,2023-01-06
STUDY001,SUBJ0008,SITE05,USA,NA,43,YEARS,M,Asian,Drug A,DRUGA,2023-06-01
STUDY001,SUBJ0009,SITE07,India,APAC,40,YEARS,M,White,Placebo,PLACEB,2023-05-26
STUDY001,SUBJ0010,SITE10,India,APAC,67,YEARS,M,White,Placebo,PLACEB,2023-05-14
STUDY001,SUBJ0011,SITE03,Germany,EU,63,YEARS,F,Asian,Placebo,PLACEB,2023-01-29
STUDY001,SUBJ0012,SITE07,India,APAC,74,YEARS,M,White,Placebo,PLACEB,2023-05-06
STUDY001,SUBJ0013,SITE11,India,APAC,52,YEARS,F,Asian,Drug A,DRUGA,2023-06-02
STUDY001,SUBJ0014,SITE11,India,APAC,73,YEARS,M,Asian,Drug A,DRUGA,2023-03-22
STUDY001,SUBJ0015,SITE08,India,APAC,50,YEARS,F,White,Drug A,DRUGA,2023-06-23
STUDY001,SUBJ0016,SITE05,USA,NA,75,YEARS,F,Asian,Placebo,PLACEB,2023-06-01
STUDY001,SUBJ0017,SITE04,USA,NA,56,YEARS,M,White,Drug A,DRUGA,2023-03-16
STUDY001,SUBJ0018,SITE08,India,APAC,74,YEARS,F,Asian,Drug A,DRUGA,2023-01-26
STUDY001,SUBJ0019,SITE08,India,APAC,57,YEARS,F,Other,Drug A,DRUGA,2023-05-07
STUDY001,SUBJ0020,SITE03,Germany,EU,79,YEARS,M,Asian,Placebo,PLACEB,2023-04-25
STUDY001,SUBJ0021,SITE06,USA,NA,61,YEARS,F,Asian,Placebo,PLACEB,2023-05-06
STUDY001,SUBJ0022,SITE05,USA,NA,63,YEARS,M,White,Drug A,DRUGA,2023-01-28
STUDY001,SUBJ0023,SITE02,India,APAC,58,YEARS,F,Asian,Drug A,DRUGA,2023-05-11
STUDY001,SUBJ0024,SITE08,India,APAC,76,YEARS,M,Other,Placebo,PLACEB,2023-03-16
STUDY001,SUBJ0025,SITE12,India,APAC,78,YEARS,M,White,Placebo,PLACEB,2023-06-15
STUDY001,SUBJ0026,SITE14,USA,NA,60,YEARS,F,White,Placebo,PLACEB,2023-03-19
STUDY001,SUBJ0027,SITE06,USA,NA,47,YEARS,F,White,Drug A,DRUGA,2023-06-28
STUDY001,SUBJ0028,SITE02,India,APAC,67,YEARS,F,Other,Placebo,PLACEB,2023-03-31
STUDY001,SUBJ0029,SITE12,India,APAC,44,YEARS,F,Other,Drug A,DRUGA,2023-06-25
STUDY001,SUBJ0030,SITE05,USA,NA,56,YEARS,F,White,Drug A,DRUGA,2023-01-21
STUDY001,SUBJ0031,SITE01,India,APAC,76,YEARS,M,White,Drug A,DRUGA,2023-02-23
STUDY001,SUBJ0032,SITE12,India,APAC,75,YEARS,F,Asian,Drug A,DRUGA,2023-04-13
STUDY001,SUBJ0033,SITE10,India,APAC,58,YEARS,M,Asian,Placebo,PLACEB,2023-02-28
STUDY001,SUBJ0034,SITE06,USA,NA,66,YEARS,M,White,Drug A,DRUGA,2023-03-13
STUDY001,SUBJ0035,SITE13,USA,NA,73,YEARS,F,Asian,Placebo,PLACEB,2023-06-28
STUDY001,SUBJ0036,SITE12,India,APAC,50,YEARS,M,Asian,Drug A,DRUGA,2023-01-20
STUDY001,SUBJ0037,SITE09,Spain,EU,51,YEARS,M,Asian,Drug A,DRUGA,2023-04-22
STUDY001,SUBJ0038,SITE01,India,APAC,60,YEARS,M,Asian,Placebo,PLACEB,2023-02-28
STUDY001,SUBJ0039,SITE11,India,APAC,50,YEARS,M,White,Drug A,DRUGA,2023-03-12
STUDY001,SUBJ0040,SITE11,India,APAC,78,YEARS,F,Other,Drug A,DRUGA,2023-05-17
STUDY001,SUBJ0041,SITE15,India,APAC,67,YEARS,M,Asian,Placebo,PLACEB,2023-04-19
STUDY001,SUBJ0042,SITE10,India,APAC,44,YEARS,F,White,Drug A,DRUGA,2023-05-09
STUDY001,SUBJ0043,SITE12,India,APAC,56,YEARS,F,Black,Drug A,DRUGA,2023-06-06
STUDY001,SUBJ0044,SITE12,India,APAC,59,YEARS,M,Asian,Drug A,DRUGA,2023-02-25
STUDY001,SUBJ0045,SITE15,India,APAC,51,YEARS,F,Black,Placebo,PLACEB,2023-02-04
STUDY001,SUBJ0046,SITE14,USA,NA,45,YEARS,F,Asian,Placebo,PLACEB,2023-05-03
STUDY001,SUBJ0047,SITE14,USA,NA,56,YEARS,F,Asian,Placebo,PLACEB,2023-05-11
STUDY001,SUBJ0048,SITE15,India,APAC,58,YEARS,M,Other,Drug A,DRUGA,2023-04-14
STUDY001,SUBJ0049,SITE14,USA,NA,65,YEARS,F,Asian,Placebo,PLACEB,2023-01-07
STUDY001,SUBJ0050,SITE03,Germany,EU,71,YEARS,F,White,Drug A,DRUGA,2023-01-27
STUDY001,SUBJ0051,SITE12,India,APAC,45,YEARS,F,Black,Placebo,PLACEB,2023-01-01
STUDY001,SUBJ0052,SITE07,India,APAC,75,YEARS,M,Asian,Drug A,DRUGA,2023-06-21
STUDY001,SUBJ0053,SITE04,USA,NA,77,YEARS,F,White,Placebo,PLACEB,2023-03-28
STUDY001,SUBJ0054,SITE09,Spain,EU,50,YEARS,M,Other,Placebo,PLACEB,2023-02-10
STUDY001,SUBJ0055,SITE03,Germany,EU,72,YEARS,M,Asian,Placebo,PLACEB,2023-05-03
STUDY001,SUBJ0056,SITE05,USA,NA,63,YEARS,M,Black,Placebo,PLACEB,2023-03-16
STUDY001,SUBJ0057,SITE03,Germany,EU,62,YEARS,M,White,Drug A,DRUGA,2023-02-11
STUDY001,SUBJ0058,SITE07,India,APAC,54,YEARS,M,White,Drug A,DRUGA,2023-04-27
STUDY001,SUBJ0059,SITE05,USA,NA,66,YEARS,M,White,Drug A,DRUGA,2023-06-10
STUDY001,SUBJ0060,SITE09,Spain,EU,50,YEARS,F,Asian,Drug A,DRUGA,2023-06-27
STUDY001,SUBJ0061,SITE07,India,APAC,56,YEARS,M,Other,Drug A,DRUGA,2023-03-04
STUDY001,SUBJ0062,SITE02,India,APAC,53,YEARS,F,Other,Drug A,DRUGA,2023-06-14
STUDY001,SUBJ0063,SITE04,USA,NA,66,YEARS,F,White,Drug A,DRUGA,2023-05-07
STUDY001,SUBJ0064,SITE09,Spain,EU,57,YEARS,M,White,Drug A,DRUGA,2023-06-25
STUDY001,SUBJ0065,SITE12,India,APAC,67,YEARS,F,White,Placebo,PLACEB,2023-05-13
STUDY001,SUBJ0066,SITE14,USA,NA,43,YEARS,F,Asian,Drug A,DRUGA,2023-02-17
STUDY001,SUBJ0067,SITE02,India,APAC,46,YEARS,F,White,Placebo,PLACEB,2023-01-03
STUDY001,SUBJ0068,SITE10,India,APAC,74,YEARS,F,White,Drug A,DRUGA,2023-04-26
STUDY001,SUBJ0069,SITE09,Spain,EU,48,YEARS,M,White,Drug A,DRUGA,2023-06-24
STUDY001,SUBJ0070,SITE10,India,APAC,47,YEARS,F,White,Placebo,PLACEB,2023-04-09
STUDY001,SUBJ0071,SITE05,USA,NA,56,YEARS,M,Asian,Placebo,PLACEB,2023-04-26
STUDY001,SUBJ0072,SITE02,India,APAC,56,YEARS,F,Asian,Drug A,DRUGA,2023-01-14
STUDY001,SUBJ0073,SITE04,USA,NA,72,YEARS,F,Asian,Drug A,DRUGA,2023-04-22
STUDY001,SUBJ0074,SITE12,India,APAC,71,YEARS,M,Asian,Placebo,PLACEB,2023-03-02
STUDY001,SUBJ0075,SITE15,India,APAC,47,YEARS,F,White,Drug A,DRUGA,2023-06-08
STUDY001,SUBJ0076,SITE12,India,APAC,58,YEARS,F,White,Drug A,DRUGA,2023-04-05
STUDY001,SUBJ0077,SITE07,India,APAC,77,YEARS,F,White,Drug A,DRUGA,2023-01-17
STUDY001,SUBJ0078,SITE12,India,APAC,42,YEARS,M,Asian,Drug A,DRUGA,2023-05-04
STUDY001,SUBJ0079,SITE13,USA,NA,44,YEARS,F,White,Drug A,DRUGA,2023-01-24
STUDY001,SUBJ0080,SITE08,India,APAC,52,YEARS,M,Asian,Placebo,PLACEB,2023-04-26
STUDY001,SUBJ0081,SITE15,India,APAC,70,YEARS,F,Asian,Drug A,DRUGA,2023-05-31
STUDY001,SUBJ0082,SITE03,Germany,EU,55,YEARS,M,White,Drug A,DRUGA,2023-03-23
STUDY001,SUBJ0083,SITE14,USA,NA,71,YEARS,M,Black,Placebo,PLACEB,2023-02-19
STUDY001,SUBJ0084,SITE01,India,APAC,61,YEARS,F,Asian,Placebo,PLACEB,2023-03-20
STUDY001,SUBJ0085,SITE04,USA,NA,68,YEARS,F,Asian,Placebo,PLACEB,2023-03-20
STUDY001,SUBJ0086,SITE02,India,APAC,61,YEARS,M,Asian,Drug A,DRUGA,2023-03-11
STUDY001,SUBJ0087,SITE08,India,APAC,42,YEARS,M,Asian,Drug A,DRUGA,2023-01-27
STUDY001,SUBJ0088,SITE04,USA,NA,49,YEARS,F,White,Drug A,DRUGA,2023-01-15
STUDY001,SUBJ0089,SITE02,India,APAC,60,YEARS,M,Asian,Drug A,DRUGA,2023-02-19
STUDY001,SUBJ0090,SITE14,USA,NA,55,YEARS,F,White,Drug A,DRUGA,2023-02-05
STUDY001,SUBJ0091,SITE06,USA,NA,51,YEARS,F,Asian,Placebo,PLACEB,2023-01-08
STUDY001,SUBJ0092,SITE06,USA,NA,41,YEARS,F,Asian,Placebo,PLACEB,2023-03-20
STUDY001,SUBJ0093,SITE10,India,APAC,63,YEARS,F,Asian,Placebo,PLACEB,2023-05-11
STUDY001,SUBJ0094,SITE04,USA,NA,74,YEARS,M,Asian,Placebo,PLACEB,2023-02-16
STUDY001,SUBJ0095,SITE06,USA,NA,69,YEARS,F,Asian,Drug A,DRUGA,2023-04-15
STUDY001,SUBJ0096,SITE13,USA,NA,69,YEARS,M,Asian,Drug A,DRUGA,2023-04-08
STUDY001,SUBJ0097,SITE15,India,APAC,74,YEARS,F,Black,Placebo,PLACEB,2023-04-06
STUDY001,SUBJ0098,SITE02,India,APAC,58,YEARS,M,Asian,Drug A,DRUGA,2023-06-09
STUDY001,SUBJ0099,SITE10,India,APAC,47,YEARS,F,Other,Drug A,DRUGA,2023-04-26
STUDY001,SUBJ0100,SITE12,India,APAC,65,YEARS,M,Asian,Placebo,PLACEB,2023-01-13
STUDY001,SUBJ0101,SITE02,India,APAC,79,YEARS,M,Black,Placebo,PLACEB,2023-01-01
STUDY001,SUBJ0102,SITE10,India,APAC,46,YEARS,F,White,Placebo,PLACEB,2023-02-03
STUDY001,SUBJ0103,SITE14,USA,NA,69,YEARS,F,White,Placebo,PLACEB,2023-03-20
STUDY001,SUBJ0104,SITE04,USA,NA,46,YEARS,F,White,Drug A,DRUGA,2023-03-19
STUDY001,SUBJ0105,SITE14,USA,NA,42,YEARS,F,White,Placebo,PLACEB,2023-05-01
STUDY001,SUBJ0106,SITE15,India,APAC,40,YEARS,M,White,Placebo,PLACEB,2023-04-03
STUDY001,SUBJ0107,SITE15,India,APAC,75,YEARS,F,White,Drug A,DRUGA,2023-04-08
STUDY001,SUBJ0108,SITE08,India,APAC,64,YEARS,M,White,Drug A,DRUGA,2023-03-23
STUDY001,SUBJ0109,SITE14,USA,NA,76,YEARS,M,Asian,Placebo,PLACEB,2023-06-08
STUDY001,SUBJ0110,SITE07,India,APAC,40,YEARS,F,Asian,Placebo,PLACEB,2023-06-02
STUDY001,SUBJ0111,SITE12,India,APAC,54,YEARS,M,White,Placebo,PLACEB,2023-02-07
STUDY001,SUBJ0112,SITE09,Spain,EU,76,YEARS,M,White,Placebo,PLACEB,2023-01-14
STUDY001,SUBJ0113,SITE14,USA,NA,52,YEARS,M,White,Placebo,PLACEB,2023-05-16
STUDY001,SUBJ0114,SITE08,India,APAC,79,YEARS,M,White,Drug A,DRUGA,2023-04-01
STUDY001,SUBJ0115,SITE05,USA,NA,47,YEARS,F,Other,Placebo,PLACEB,2023-02-23
STUDY001,SUBJ0116,SITE13,USA,NA,44,YEARS,F,Asian,Placebo,PLACEB,2023-05-10
STUDY001,SUBJ0117,SITE02,India,APAC,48,YEARS,F,Asian,Drug A,DRUGA,2023-04-11
STUDY001,SUBJ0118,SITE15,India,APAC,40,YEARS,F,Asian,Placebo,PLACEB,2023-03-30
STUDY001,SUBJ0119,SITE05,USA,NA,75,YEARS,M,Asian,Placebo,PLACEB,2023-02-25
STUDY001,SUBJ0120,SITE08,India,APAC,74,YEARS,M,Black,Placebo,PLACEB,2023-04-04
STUDY001,SUBJ0121,SITE10,India,APAC,41,YEARS,F,Asian,Drug A,DRUGA,2023-04-03
STUDY001,SUBJ0122,SITE09,Spain,EU,79,YEARS,F,White,Placebo,PLACEB,2023-03-25
STUDY001,SUBJ0123,SITE12,India,APAC,62,YEARS,F,Asian,Drug A,DRUGA,2023-03-26
STUDY001,SUBJ0124,SITE12,India,APAC,48,YEARS,M,White,Drug A,DRUGA,2023-01-22
STUDY001,SUBJ0125,SITE12,India,APAC,73,YEARS,F,White,Placebo,PLACEB,2023-02-04
STUDY001,SUBJ0126,SITE13,USA,NA,53,YEARS,F,Asian,Drug A,DRUGA,2023-01-16
STUDY001,SUBJ0127,SITE09,Spain,EU,43,YEARS,F,White,Placebo,PLACEB,2023-02-19
STUDY001,SUBJ0128,SITE13,USA,NA,69,YEARS,M,Asian,Placebo,PLACEB,2023-05-02
STUDY001,SUBJ0129,SITE15,India,APAC,70,YEARS,M,Asian,Drug A,DRUGA,2023-05-08
STUDY001,SUBJ0130,SITE13,USA,NA,77,YEARS,M,Asian,Drug A,DRUGA,2023-04-23
STUDY001,SUBJ0131,SITE01,India,APAC,50,YEARS,M,Asian,Drug A,DRUGA,2023-06-20
STUDY001,SUBJ0132,SITE09,Spain,EU,74,YEARS,M,Asian,Placebo,PLACEB,2023-01-17
STUDY001,SUBJ0133,SITE07,India,APAC,47,YEARS,M,White,Placebo,PLACEB,2023-03-21
STUDY001,SUBJ0134,SITE09,Spain,EU,42,YEARS,M,White,Drug A,DRUGA,2023-05-10
STUDY001,SUBJ0135,SITE08,India,APAC,53,YEARS,M,White,Placebo,PLACEB,2023-05-12
STUDY001,SUBJ0136,SITE01,India,APAC,52,YEARS,F,Asian,Placebo,PLACEB,2023-03-26
STUDY001,SUBJ0137,SITE12,India,APAC,71,YEARS,F,White,Placebo,PLACEB,2023-06-16
STUDY001,SUBJ0138,SITE08,India,APAC,73,YEARS,M,Asian,Placebo,PLACEB,2023-04-04
STUDY001,SUBJ0139,SITE08,India,APAC,58,YEARS,M,Asian,Drug A,DRUGA,2023-05-14
STUDY001,SUBJ0140,SITE15,India,APAC,77,YEARS,F,Black,Placebo,PLACEB,2023-03-22
STUDY001,SUBJ0141,SITE11,India,APAC,55,YEARS,M,Asian,Drug A,DRUGA,2023-03-10
STUDY001,SUBJ0142,SITE03,Germany,EU,41,YEARS,M,White,Placebo,PLACEB,2023-03-10
STUDY001,SUBJ0143,SITE01,India,APAC,79,YEARS,M,White,Drug A,DRUGA,2023-05-28
STUDY001,SUBJ0144,SITE08,India,APAC,56,YEARS,F,Asian,Placebo,PLACEB,2023-01-16
STUDY001,SUBJ0145,SITE03,Germany,EU,73,YEARS,F,Asian,Placebo,PLACEB,2023-02-20
STUDY001,SUBJ0146,SITE03,Germany,EU,55,YEARS,F,Asian,Placebo,PLACEB,2023-04-15
STUDY001,SUBJ0147,SITE01,India,APAC,77,YEARS,F,Black,Placebo,PLACEB,2023-06-14
STUDY001,SUBJ0148,SITE11,India,APAC,41,YEARS,F,Asian,Drug A,DRUGA,2023-06-19
STUDY001,SUBJ0149,SITE05,USA,NA,41,YEARS,M,Asian,Drug A,DRUGA,2023-03-07
STUDY001,SUBJ0150,SITE10,India,APAC,65,YEARS,F,Asian,Drug A,DRUGA,2023-01-09
STUDY001,SUBJ0151,SITE07,India,APAC,52,YEARS,M,White,Placebo,PLACEB,2023-04-17
STUDY001,SUBJ0152,SITE10,India,APAC,70,YEARS,M,Asian,Placebo,PLACEB,2023-04-10
STUDY001,SUBJ0153,SITE09,Spain,EU,73,YEARS,F,Asian,Placebo,PLACEB,2023-03-27
STUDY001,SUBJ0154,SITE12,India,APAC,78,YEARS,F,White,Drug A,DRUGA,2023-03-05
STUDY001,SUBJ0155,SITE07,India,APAC,42,YEARS,M,Other,Drug A,DRUGA,2023-01-22
STUDY001,SUBJ0156,SITE09,Spain,EU,47,YEARS,M,Asian,Drug A,DRUGA,2023-06-11
STUDY001,SUBJ0157,SITE08,India,APAC,62,YEARS,M,Asian,Placebo,PLACEB,2023-06-06
STUDY001,SUBJ0158,SITE12,India,APAC,53,YEARS,F,Asian,Drug A,DRUGA,2023-06-15
STUDY001,SUBJ0159,SITE02,India,APAC,66,YEARS,F,White,Placebo,PLACEB,2023-04-20
STUDY001,SUBJ0160,SITE01,India,APAC,68,YEARS,F,Asian,Drug A,DRUGA,2023-04-07
STUDY001,SUBJ0161,SITE07,India,APAC,78,YEARS,F,White,Drug A,DRUGA,2023-01-18
STUDY001,SUBJ0162,SITE07,India,APAC,78,YEARS,F,White,Drug A,DRUGA,2023-03-12
STUDY001,SUBJ0163,SITE14,USA,NA,40,YEARS,M,White,Drug A,DRUGA,2023-05-07
STUDY001,SUBJ0164,SITE08,India,APAC,56,YEARS,F,Asian,Placebo,PLACEB,2023-04-07
STUDY001,SUBJ0165,SITE05,USA,NA,69,YEARS,M,Black,Drug A,DRUGA,2023-01-01
STUDY001,SUBJ0166,SITE03,Germany,EU,52,YEARS,M,White,Placebo,PLACEB,2023-05-12
STUDY001,SUBJ0167,SITE12,India,APAC,60,YEARS,M,White,Drug A,DRUGA,2023-01-04
STUDY001,SUBJ0168,SITE08,India,APAC,58,YEARS,F,Asian,Placebo,PLACEB,2023-05-05
STUDY001,SUBJ0169,SITE06,USA,NA,58,YEARS,F,Other,Drug A,DRUGA,2023-03-23
STUDY001,SUBJ0170,SITE11,India,APAC,64,YEARS,F,Asian,Drug A,DRUGA,2023-01-27
STUDY001,SUBJ0171,SITE03,Germany,EU,61,YEARS,M,Asian,Drug A,DRUGA,2023-06-20
STUDY001,SUBJ0172,SITE01,India,APAC,70,YEARS,M,Asian,Drug A,DRUGA,2023-02-28
STUDY001,SUBJ0173,SITE03,Germany,EU,56,YEARS,M,White,Drug A,DRUGA,2023-02-01
STUDY001,SUBJ0174,SITE05,USA,NA,62,YEARS,M,Asian,Drug A,DRUGA,2023-06-10
STUDY001,SUBJ0175,SITE15,India,APAC,71,YEARS,M,Asian,Drug A,DRUGA,2023-01-28
STUDY001,SUBJ0176,SITE14,USA,NA,49,YEARS,M,Asian,Drug A,DRUGA,2023-04-16
STUDY001,SUBJ0177,SITE03,Germany,EU,49,YEARS,F,Asian,Placebo,PLACEB,2023-04-15
STUDY001,SUBJ0178,SITE01,India,APAC,75,YEARS,F,White,Drug A,DRUGA,2023-03-11
STUDY001,SUBJ0179,SITE05,USA,NA,47,YEARS,F,White,Drug A,DRUGA,2023-03-03
STUDY001,SUBJ0180,SITE10,India,APAC,59,YEARS,F,Asian,Drug A,DRUGA,2023-02-03
STUDY001,SUBJ0181,SITE07,India,APAC,71,YEARS,M,Asian,Placebo,PLACEB,2023-03-28
STUDY001,SUBJ0182,SITE15,India,APAC,53,YEARS,M,White,Placebo,PLACEB,2023-04-24
STUDY001,SUBJ0183,SITE14,USA,NA,67,YEARS,F,Asian,Drug A,DRUGA,2023-04-16
STUDY001,SUBJ0184,SITE07,India,APAC,63,YEARS,M,Asian,Placebo,PLACEB,2023-02-25
STUDY001,SUBJ0185,SITE11,India,APAC,54,YEARS,F,Other,Drug A,DRUGA,2023-04-23
STUDY001,SUBJ0186,SITE09,Spain,EU,61,YEARS,F,White,Placebo,PLACEB,2023-01-13
STUDY001,SUBJ0187,SITE15,India,APAC,69,YEARS,F,Asian,Placebo,PLACEB,2023-01-18
STUDY001,SUBJ0188,SITE15,India,APAC,43,YEARS,M,White,Drug A,DRUGA,2023-04-23
STUDY001,SUBJ0189,SITE10,India,APAC,52,YEARS,F,Asian,Drug A,DRUGA,2023-06-20
STUDY001,SUBJ0190,SITE10,India,APAC,62,YEARS,F,White,Drug A,DRUGA,2023-02-08
STUDY001,SUBJ0191,SITE12,India,APAC,47,YEARS,F,Asian,Drug A,DRUGA,2023-06-19
STUDY001,SUBJ0192,SITE13,USA,NA,57,YEARS,M,Asian,Placebo,PLACEB,2023-03-20
STUDY001,SUBJ0193,SITE03,Germany,EU,51,YEARS,M,Asian,Drug A,DRUGA,2023-05-26
STUDY001,SUBJ0194,SITE15,India,APAC,70,YEARS,F,Other,Placebo,PLACEB,2023-05-31
STUDY001,SUBJ0195,SITE07,India,APAC,53,YEARS,M,White,Drug A,DRUGA,2023-01-30
STUDY001,SUBJ0196,SITE01,India,APAC,73,YEARS,M,Asian,Drug A,DRUGA,2023-04-08
STUDY001,SUBJ0197,SITE04,USA,NA,57,YEARS,M,Asian,Placebo,PLACEB,2023-02-27
STUDY001,SUBJ0198,SITE13,USA,NA,73,YEARS,M,White,Drug A,DRUGA,2023-03-08
STUDY001,SUBJ0199,SITE04,USA,NA,50,YEARS,M,Asian,Drug A,DRUGA,2023-03-12
STUDY001,SUBJ0200,SITE14,USA,NA,51,YEARS,M,Asian,Placebo,PLACEB,2023-05-26
STUDY001,SUBJ0201,SITE05,USA,NA,54,YEARS,M,Other,Drug A,DRUGA,2023-04-16
STUDY001,SUBJ0202,SITE07,India,APAC,70,YEARS,M,Asian,Placebo,PLACEB,2023-01-07
STUDY001,SUBJ0203,SITE07,India,APAC,68,YEARS,M,White,Placebo,PLACEB,2023-02-09
STUDY001,SUBJ0204,SITE13,USA,NA,65,YEARS,M,Other,Drug A,DRUGA,2023-03-11
STUDY001,SUBJ0205,SITE15,India,APAC,57,YEARS,F,Asian,Drug A,DRUGA,2023-03-09
STUDY001,SUBJ0206,SITE11,India,APAC,71,YEARS,F,Asian,Drug A,DRUGA,2023-02-18
STUDY001,SUBJ0207,SITE13,USA,NA,61,YEARS,M,Asian,Drug A,DRUGA,2023-02-21
STUDY001,SUBJ0208,SITE04,USA,NA,77,YEARS,F,Black,Drug A,DRUGA,2023-04-24
STUDY001,SUBJ0209,SITE13,USA,NA,56,YEARS,F,Black,Drug A,DRUGA,2023-04-17
STUDY001,SUBJ0210,SITE07,India,APAC,62,YEARS,M,White,Placebo,PLACEB,2023-01-29
STUDY001,SUBJ0211,SITE11,India,APAC,63,YEARS,M,Asian,Placebo,PLACEB,2023-05-29
STUDY001,SUBJ0212,SITE03,Germany,EU,47,YEARS,M,White,Placebo,PLACEB,2023-03-19
STUDY001,SUBJ0213,SITE06,USA,NA,45,YEARS,F,Other,Placebo,PLACEB,2023-01-09
STUDY001,SUBJ0214,SITE12,India,APAC,44,YEARS,F,White,Drug A,DRUGA,2023-06-24
STUDY001,SUBJ0215,SITE02,India,APAC,68,YEARS,M,Other,Placebo,PLACEB,2023-03-17
STUDY001,SUBJ0216,SITE10,India,APAC,67,YEARS,M,Black,Placebo,PLACEB,2023-02-11
STUDY001,SUBJ0217,SITE13,USA,NA,50,YEARS,M,White,Placebo,PLACEB,2023-06-28
STUDY001,SUBJ0218,SITE14,USA,NA,40,YEARS,F,White,Drug A,DRUGA,2023-06-28
STUDY001,SUBJ0219,SITE09,Spain,EU,58,YEARS,F,Asian,Drug A,DRUGA,2023-05-08
STUDY001,SUBJ0220,SITE05,USA,NA,48,YEARS,F,Asian,Drug A,DRUGA,2023-01-20
STUDY001,SUBJ0221,SITE06,USA,NA,66,YEARS,F,White,Drug A,DRUGA,2023-06-04
STUDY001,SUBJ0222,SITE12,India,APAC,73,YEARS,M,Asian,Drug A,DRUGA,2023-06-15
STUDY001,SUBJ0223,SITE12,India,APAC,43,YEARS,M,Black,Drug A,DRUGA,2023-03-13
STUDY001,SUBJ0224,SITE12,India,APAC,75,YEARS,M,Other,Placebo,PLACEB,2023-03-06
STUDY001,SUBJ0225,SITE12,India,APAC,57,YEARS,M,White,Drug A,DRUGA,2023-04-23
STUDY001,SUBJ0226,SITE04,USA,NA,54,YEARS,F,Asian,Drug A,DRUGA,2023-01-24
STUDY001,SUBJ0227,SITE14,USA,NA,52,YEARS,F,Asian,Drug A,DRUGA,2023-05-08
STUDY001,SUBJ0228,SITE14,USA,NA,58,YEARS,M,Asian,Drug A,DRUGA,2023-06-24
STUDY001,SUBJ0229,SITE11,India,APAC,45,YEARS,M,White,Drug A,DRUGA,2023-03-24
STUDY001,SUBJ0230,SITE10,India,APAC,51,YEARS,F,White,Drug A,DRUGA,2023-03-04
STUDY001,SUBJ0231,SITE07,India,APAC,76,YEARS,M,Other,Drug A,DRUGA,2023-03-01
STUDY001,SUBJ0232,SITE12,India,APAC,56,YEARS,F,Asian,Placebo,PLACEB,2023-04-09
STUDY001,SUBJ0233,SITE09,Spain,EU,62,YEARS,M,Other,Drug A,DRUGA,2023-03-03
STUDY001,SUBJ0234,SITE07,India,APAC,65,YEARS,M,Black,Placebo,PLACEB,2023-01-30
STUDY001,SUBJ0235,SITE14,USA,NA,68,YEARS,M,Asian,Drug A,DRUGA,2023-01-22
STUDY001,SUBJ0236,SITE01,India,APAC,72,YEARS,M,Black,Drug A,DRUGA,2023-05-06
STUDY001,SUBJ0237,SITE01,India,APAC,66,YEARS,M,Asian,Placebo,PLACEB,2023-06-06
STUDY001,SUBJ0238,SITE09,Spain,EU,64,YEARS,M,Asian,Drug A,DRUGA,2023-06-18
STUDY001,SUBJ0239,SITE11,India,APAC,49,YEARS,M,White,Placebo,PLACEB,2023-02-11
STUDY001,SUBJ0240,SITE14,USA,NA,62,YEARS,F,Asian,Drug A,DRUGA,2023-04-08
STUDY001,SUBJ0241,SITE09,Spain,EU,60,YEARS,F,White,Placebo,PLACEB,2023-01-31
STUDY001,SUBJ0242,SITE04,USA,NA,60,YEARS,F,White,Drug A,DRUGA,2023-06-07
STUDY001,SUBJ0243,SITE13,USA,NA,52,YEARS,F,White,Placebo,PLACEB,2023-04-22
STUDY001,SUBJ0244,SITE09,Spain,EU,76,YEARS,F,Asian,Drug A,DRUGA,2023-05-26
STUDY001,SUBJ0245,SITE03,Germany,EU,72,YEARS,M,White,Placebo,PLACEB,2023-05-02
STUDY001,SUBJ0246,SITE07,India,APAC,63,YEARS,M,White,Drug A,DRUGA,2023-01-17
STUDY001,SUBJ0247,SITE06,USA,NA,50,YEARS,F,White,Drug A,DRUGA,2023-02-07
STUDY001,SUBJ0248,SITE08,India,APAC,56,YEARS,M,Asian,Drug A,DRUGA,2023-05-22
STUDY001,SUBJ0249,SITE11,India,APAC,43,YEARS,F,Asian,Drug A,DRUGA,2023-04-20
STUDY001,SUBJ0250,SITE09,Spain,EU,64,YEARS,F,White,Drug A,DRUGA,2023-01-22
STUDY001,SUBJ0251,SITE14,USA,NA,69,YEARS,M,Asian,Placebo,PLACEB,2023-02-25
STUDY001,SUBJ0252,SITE05,USA,NA,48,YEARS,M,White,Placebo,PLACEB,2023-04-29
STUDY001,SUBJ0253,SITE01,India,APAC,60,YEARS,M,White,Placebo,PLACEB,2023-05-27
STUDY001,SUBJ0254,SITE03,Germany,EU,59,YEARS,F,White,Drug A,DRUGA,2023-02-26
STUDY001,SUBJ0255,SITE10,India,APAC,58,YEARS,M,White,Drug A,DRUGA,2023-06-21
STUDY001,SUBJ0256,SITE12,India,APAC,58,YEARS,F,Other,Placebo,PLACEB,2023-02-04
STUDY001,SUBJ0257,SITE08,India,APAC,51,YEARS,F,Black,Drug A,DRUGA,2023-04-24
STUDY001,SUBJ0258,SITE15,India,APAC,76,YEARS,F,Other,Drug A,DRUGA,2023-05-05
STUDY001,SUBJ0259,SITE11,India,APAC,56,YEARS,M,Black,Drug A,DRUGA,2023-05-09
STUDY001,SUBJ0260,SITE06,USA,NA,76,YEARS,M,Asian,Placebo,PLACEB,2023-02-21
STUDY001,SUBJ0261,SITE08,India,APAC,78,YEARS,F,Asian,Placebo,PLACEB,2023-03-26
STUDY001,SUBJ0262,SITE09,Spain,EU,67,YEARS,M,White,Drug A,DRUGA,2023-06-14
STUDY001,SUBJ0263,SITE04,USA,NA,74,YEARS,M,Asian,Drug A,DRUGA,2023-03-06
STUDY001,SUBJ0264,SITE01,India,APAC,57,YEARS,M,Asian,Placebo,PLACEB,2023-06-28
STUDY001,SUBJ0265,SITE14,USA,NA,53,YEARS,F,Asian,Drug A,DRUGA,2023-05-09
STUDY001,SUBJ0266,SITE01,India,APAC,74,YEARS,F,White,Drug A,DRUGA,2023-01-21
STUDY001,SUBJ0267,SITE10,India,APAC,46,YEARS,M,White,Drug A,DRUGA,2023-01-16
STUDY001,SUBJ0268,SITE04,USA,NA,52,YEARS,F,White,Drug A,DRUGA,2023-05-03
STUDY001,SUBJ0269,SITE12,India,APAC,57,YEARS,M,White,Placebo,PLACEB,2023-03-02
STUDY001,SUBJ0270,SITE14,USA,NA,76,YEARS,M,Black,Placebo,PLACEB,2023-02-23
STUDY001,SUBJ0271,SITE07,India,APAC,52,YEARS,M,Asian,Drug A,DRUGA,2023-06-17
STUDY001,SUBJ0272,SITE02,India,APAC,75,YEARS,M,Black,Placebo,PLACEB,2023-01-26
STUDY001,SUBJ0273,SITE03,Germany,EU,70,YEARS,F,Asian,Placebo,PLACEB,2023-03-21
STUDY001,SUBJ0274,SITE01,India,APAC,41,YEARS,F,Other,Placebo,PLACEB,2023-03-06
STUDY001,SUBJ0275,SITE05,USA,NA,55,YEARS,F,White,Placebo,PLACEB,2023-04-10
STUDY001,SUBJ0276,SITE01,India,APAC,48,YEARS,M,Asian,Placebo,PLACEB,2023-03-15
STUDY001,SUBJ0277,SITE08,India,APAC,48,YEARS,M,Asian,Placebo,PLACEB,2023-06-20
STUDY001,SUBJ0278,SITE01,India,APAC,77,YEARS,M,Asian,Placebo,PLACEB,2023-01-17
STUDY001,SUBJ0279,SITE11,India,APAC,50,YEARS,F,Asian,Placebo,PLACEB,2023-05-01
STUDY001,SUBJ0280,SITE01,India,APAC,61,YEARS,M,Asian,Drug A,DRUGA,2023-01-23
STUDY001,SUBJ0281,SITE02,India,APAC,72,YEARS,F,White,Drug A,DRUGA,2023-05-15
STUDY001,SUBJ0282,SITE02,India,APAC,75,YEARS,F,White,Drug A,DRUGA,2023-06-21
STUDY001,SUBJ0283,SITE12,India,APAC,62,YEARS,F,White,Placebo,PLACEB,2023-03-12
STUDY001,SUBJ0284,SITE06,USA,NA,73,YEARS,F,Other,Placebo,PLACEB,2023-04-18
STUDY001,SUBJ0285,SITE07,India,APAC,48,YEARS,F,White,Drug A,DRUGA,2023-03-20
STUDY001,SUBJ0286,SITE05,USA,NA,63,YEARS,F,White,Drug A,DRUGA,2023-06-11
STUDY001,SUBJ0287,SITE01,India,APAC,47,YEARS,M,Asian,Drug A,DRUGA,2023-02-15
STUDY001,SUBJ0288,SITE01,India,APAC,46,YEARS,M,White,Placebo,PLACEB,2023-03-19
STUDY001,SUBJ0289,SITE03,Germany,EU,75,YEARS,F,Asian,Drug A,DRUGA,2023-01-16
STUDY001,SUBJ0290,SITE14,USA,NA,57,YEARS,F,Other,Placebo,PLACEB,2023-03-12
STUDY001,SUBJ0291,SITE02,India,APAC,42,YEARS,M,Black,Placebo,PLACEB,2023-04-06
STUDY001,SUBJ0292,SITE05,USA,NA,67,YEARS,F,White,Drug A,DRUGA,2023-05-27
STUDY001,SUBJ0293,SITE12,India,APAC,45,YEARS,F,Asian,Drug A,DRUGA,2023-01-02
STUDY001,SUBJ0294,SITE10,India,APAC,60,YEARS,M,Black,Placebo,PLACEB,2023-01-10
STUDY001,SUBJ0295,SITE06,USA,NA,67,YEARS,F,White,Placebo,PLACEB,2023-06-27
STUDY001,SUBJ0296,SITE07,India,APAC,79,YEARS,F,Asian,Drug A,DRUGA,2023-05-05
STUDY001,SUBJ0297,SITE04,USA,NA,40,YEARS,F,Asian,Placebo,PLACEB,2023-03-22
STUDY001,SUBJ0298,SITE07,India,APAC,75,YEARS,M,White,Placebo,PLACEB,2023-05-20
STUDY001,SUBJ0299,SITE11,India,APAC,60,YEARS,M,Asian,Placebo,PLACEB,2023-03-11
STUDY001,SUBJ0300,SITE08,India,APAC,74,YEARS,M,Other,Drug A,DRUGA,2023-05-30
STUDY001,SUBJ0301,SITE11,India,APAC,52,YEARS,F,Asian,Placebo,PLACEB,2023-02-01
STUDY001,SUBJ0302,SITE01,India,APAC,49,YEARS,F,Asian,Drug A,DRUGA,2023-04-15
STUDY001,SUBJ0303,SITE15,India,APAC,49,YEARS,M,Black,Drug A,DRUGA,2023-03-25
STUDY001,SUBJ0304,SITE06,USA,NA,52,YEARS,F,Asian,Drug A,DRUGA,2023-05-09
STUDY001,SUBJ0305,SITE08,India,APAC,76,YEARS,F,White,Drug A,DRUGA,2023-02-27
STUDY001,SUBJ0306,SITE05,USA,NA,77,YEARS,F,Asian,Placebo,PLACEB,2023-05-26
STUDY001,SUBJ0307,SITE04,USA,NA,63,YEARS,F,Asian,Placebo,PLACEB,2023-05-14
STUDY001,SUBJ0308,SITE02,India,APAC,41,YEARS,F,White,Placebo,PLACEB,2023-02-14
STUDY001,SUBJ0309,SITE06,USA,NA,61,YEARS,M,White,Placebo,PLACEB,2023-04-07
STUDY001,SUBJ0310,SITE06,USA,NA,56,YEARS,F,White,Drug A,DRUGA,2023-01-23
STUDY001,SUBJ0311,SITE11,India,APAC,75,YEARS,M,White,Placebo,PLACEB,2023-01-23
STUDY001,SUBJ0312,SITE15,India,APAC,53,YEARS,F,White,Placebo,PLACEB,2023-06-03
STUDY001,SUBJ0313,SITE01,India,APAC,49,YEARS,M,Asian,Placebo,PLACEB,2023-05-15
STUDY001,SUBJ0314,SITE09,Spain,EU,74,YEARS,F,Asian,Drug A,DRUGA,2023-03-20
STUDY001,SUBJ0315,SITE12,India,APAC,64,YEARS,M,Other,Placebo,PLACEB,2023-02-13
STUDY001,SUBJ0316,SITE11,India,APAC,42,YEARS,F,White,Placebo,PLACEB,2023-01-27
STUDY001,SUBJ0317,SITE06,USA,NA,77,YEARS,M,White,Placebo,PLACEB,2023-01-26
STUDY001,SUBJ0318,SITE13,USA,NA,56,YEARS,F,Asian,Drug A,DRUGA,2023-04-07
STUDY001,SUBJ0319,SITE03,Germany,EU,51,YEARS,M,Asian,Drug A,DRUGA,2023-02-05
STUDY001,SUBJ0320,SITE04,USA,NA,63,YEARS,F,White,Placebo,PLACEB,2023-04-19
STUDY001,SUBJ0321,SITE12,India,APAC,68,YEARS,M,Black,Placebo,PLACEB,2023-02-24
STUDY001,SUBJ0322,SITE11,India,APAC,64,YEARS,M,White,Placebo,PLACEB,2023-03-10
STUDY001,SUBJ0323,SITE04,USA,NA,75,YEARS,F,Black,Placebo,PLACEB,2023-03-02
STUDY001,SUBJ0324,SITE03,Germany,EU,65,YEARS,F,White,Drug A,DRUGA,2023-05-10
STUDY001,SUBJ0325,SITE10,India,APAC,77,YEARS,M,Asian,Drug A,DRUGA,2023-02-24
STUDY001,SUBJ0326,SITE03,Germany,EU,40,YEARS,F,Asian,Placebo,PLACEB,2023-05-02
STUDY001,SUBJ0327,SITE15,India,APAC,59,YEARS,M,Asian,Drug A,DRUGA,2023-04-07
STUDY001,SUBJ0328,SITE03,Germany,EU,67,YEARS,M,Asian,Placebo,PLACEB,2023-03-21
STUDY001,SUBJ0329,SITE04,USA,NA,55,YEARS,M,Black,Drug A,DRUGA,2023-03-28
STUDY001,SUBJ0330,SITE07,India,APAC,56,YEARS,F,Asian,Drug A,DRUGA,2023-02-07
STUDY001,SUBJ0331,SITE04,USA,NA,79,YEARS,M,White,Placebo,PLACEB,2023-04-29
STUDY001,SUBJ0332,SITE09,Spain,EU,67,YEARS,M,Asian,Drug A,DRUGA,2023-03-19
STUDY001,SUBJ0333,SITE01,India,APAC,51,YEARS,F,Asian,Placebo,PLACEB,2023-06-06
STUDY001,SUBJ0334,SITE08,India,APAC,66,YEARS,F,Asian,Placebo,PLACEB,2023-06-03
STUDY001,SUBJ0335,SITE07,India,APAC,69,YEARS,F,Asian,Placebo,PLACEB,2023-02-04
STUDY001,SUBJ0336,SITE02,India,APAC,73,YEARS,F,White,Placebo,PLACEB,2023-03-20
STUDY001,SUBJ0337,SITE08,India,APAC,76,YEARS,M,Asian,Drug A,DRUGA,2023-03-08
STUDY001,SUBJ0338,SITE01,India,APAC,45,YEARS,M,White,Drug A,DRUGA,2023-03-28
STUDY001,SUBJ0339,SITE11,India,APAC,46,YEARS,M,Asian,Drug A,DRUGA,2023-06-06
STUDY001,SUBJ0340,SITE12,India,APAC,71,YEARS,M,Asian,Drug A,DRUGA,2023-02-03
STUDY001,SUBJ0341,SITE09,Spain,EU,71,YEARS,F,Asian,Drug A,DRUGA,2023-04-07
STUDY001,SUBJ0342,SITE09,Spain,EU,64,YEARS,M,White,Placebo,PLACEB,2023-06-18
STUDY001,SUBJ0343,SITE02,India,APAC,72,YEARS,M,White,Placebo,PLACEB,2023-06-18
STUDY001,SUBJ0344,SITE07,India,APAC,46,YEARS,F,Asian,Placebo,PLACEB,2023-05-31
STUDY001,SUBJ0345,SITE15,India,APAC,51,YEARS,M,Asian,Drug A,DRUGA,2023-03-12
STUDY001,SUBJ0346,SITE14,USA,NA,55,YEARS,M,White,Drug A,DRUGA,2023-01-03
STUDY001,SUBJ0347,SITE10,India,APAC,55,YEARS,M,Asian,Placebo,PLACEB,2023-02-27
STUDY001,SUBJ0348,SITE03,Germany,EU,75,YEARS,M,Asian,Drug A,DRUGA,2023-02-01
STUDY001,SUBJ0349,SITE07,India,APAC,52,YEARS,M,Black,Drug A,DRUGA,2023-01-31
STUDY001,SUBJ0350,SITE12,India,APAC,46,YEARS,M,White,Drug A,DRUGA,2023-03-23
STUDY001,SUBJ0351,SITE10,India,APAC,75,YEARS,F,Asian,Placebo,PLACEB,2023-02-12
STUDY001,SUBJ0352,SITE09,Spain,EU,48,YEARS,F,Other,Placebo,PLACEB,2023-05-15
STUDY001,SUBJ0353,SITE04,USA,NA,71,YEARS,M,White,Placebo,PLACEB,2023-04-15
STUDY001,SUBJ0354,SITE12,India,APAC,50,YEARS,M,Asian,Placebo,PLACEB,2023-01-01
STUDY001,SUBJ0355,SITE01,India,APAC,47,YEARS,F,White,Placebo,PLACEB,2023-03-02
STUDY001,SUBJ0356,SITE02,India,APAC,72,YEARS,M,White,Drug A,DRUGA,2023-01-14
STUDY001,SUBJ0357,SITE01,India,APAC,62,YEARS,M,Asian,Placebo,PLACEB,2023-06-29
STUDY001,SUBJ0358,SITE14,USA,NA,64,YEARS,M,Asian,Drug A,DRUGA,2023-01-06
STUDY001,SUBJ0359,SITE12,India,APAC,47,YEARS,F,Asian,Drug A,DRUGA,2023-04-13
STUDY001,SUBJ0360,SITE05,USA,NA,61,YEARS,M,White,Drug A,DRUGA,2023-01-10
STUDY001,SUBJ0361,SITE05,USA,NA,43,YEARS,F,Asian,Placebo,PLACEB,2023-03-12
STUDY001,SUBJ0362,SITE11,India,APAC,79,YEARS,M,Black,Drug A,DRUGA,2023-03-31
STUDY001,SUBJ0363,SITE07,India,APAC,42,YEARS,F,White,Drug A,DRUGA,2023-06-07
STUDY001,SUBJ0364,SITE09,Spain,EU,68,YEARS,F,Asian,Placebo,PLACEB,2023-05-29
STUDY001,SUBJ0365,SITE09,Spain,EU,68,YEARS,M,White,Placebo,PLACEB,2023-05-06
STUDY001,SUBJ0366,SITE03,Germany,EU,73,YEARS,F,Asian,Drug A,DRUGA,2023-04-07
STUDY001,SUBJ0367,SITE03,Germany,EU,73,YEARS,M,White,Placebo,PLACEB,2023-03-15
STUDY001,SUBJ0368,SITE03,Germany,EU,67,YEARS,F,White,Placebo,PLACEB,2023-04-25
STUDY001,SUBJ0369,SITE04,USA,NA,52,YEARS,M,Asian,Placebo,PLACEB,2023-06-19
STUDY001,SUBJ0370,SITE08,India,APAC,54,YEARS,M,Asian,Placebo,PLACEB,2023-02-20
STUDY001,SUBJ0371,SITE06,USA,NA,62,YEARS,F,Asian,Drug A,DRUGA,2023-02-25
STUDY001,SUBJ0372,SITE08,India,APAC,65,YEARS,M,Asian,Placebo,PLACEB,2023-02-10
STUDY001,SUBJ0373,SITE01,India,APAC,43,YEARS,M,Asian,Drug A,DRUGA,2023-02-01
STUDY001,SUBJ0374,SITE08,India,APAC,65,YEARS,F,Asian,Drug A,DRUGA,2023-01-15
STUDY001,SUBJ0375,SITE04,USA,NA,79,YEARS,M,Other,Drug A,DRUGA,2023-03-03
STUDY001,SUBJ0376,SITE11,India,APAC,48,YEARS,M,Asian,Drug A,DRUGA,2023-06-04
STUDY001,SUBJ0377,SITE01,India,APAC,44,YEARS,F,Asian,Drug A,DRUGA,2023-01-28
STUDY001,SUBJ0378,SITE08,India,APAC,71,YEARS,F,White,Placebo,PLACEB,2023-03-05
STUDY001,SUBJ0379,SITE04,USA,NA,59,YEARS,M,Asian,Drug A,DRUGA,2023-05-10
STUDY001,SUBJ0380,SITE06,USA,NA,50,YEARS,M,Other,Drug A,DRUGA,2023-05-07
STUDY001,SUBJ0381,SITE08,India,APAC,54,YEARS,F,White,Drug A,DRUGA,2023-02-05
STUDY001,SUBJ0382,SITE04,USA,NA,71,YEARS,F,White,Drug A,DRUGA,2023-04-24
STUDY001,SUBJ0383,SITE14,USA,NA,67,YEARS,M,Asian,Placebo,PLACEB,2023-01-13
STUDY001,SUBJ0384,SITE03,Germany,EU,61,YEARS,F,Asian,Placebo,PLACEB,2023-01-15
STUDY001,SUBJ0385,SITE14,USA,NA,56,YEARS,M,Asian,Drug A,DRUGA,2023-03-30
STUDY001,SUBJ0386,SITE09,Spain,EU,65,YEARS,M,Black,Placebo,PLACEB,2023-01-22
STUDY001,SUBJ0387,SITE03,Germany,EU,46,YEARS,M,Asian,Drug A,DRUGA,2023-03-15
STUDY001,SUBJ0388,SITE09,Spain,EU,65,YEARS,M,Asian,Placebo,PLACEB,2023-01-25
STUDY001,SUBJ0389,SITE13,USA,NA,64,YEARS,M,Other,Placebo,PLACEB,2023-04-11
STUDY001,SUBJ0390,SITE02,India,APAC,49,YEARS,F,Asian,Placebo,PLACEB,2023-06-25
STUDY001,SUBJ0391,SITE14,USA,NA,58,YEARS,F,Asian,Placebo,PLACEB,2023-06-20
STUDY001,SUBJ0392,SITE02,India,APAC,50,YEARS,F,Asian,Drug A,DRUGA,2023-04-27
STUDY001,SUBJ0393,SITE02,India,APAC,52,YEARS,F,Other,Placebo,PLACEB,2023-06-15
STUDY001,SUBJ0394,SITE06,USA,NA,47,YEARS,M,Asian,Drug A,DRUGA,2023-02-10
STUDY001,SUBJ0395,SITE03,Germany,EU,79,YEARS,M,White,Drug A,DRUGA,2023-06-22
STUDY001,SUBJ0396,SITE13,USA,NA,43,YEARS,M,White,Placebo,PLACEB,2023-03-29
STUDY001,SUBJ0397,SITE09,Spain,EU,70,YEARS,M,Asian,Drug A,DRUGA,2023-06-17
STUDY001,SUBJ0398,SITE04,USA,NA,67,YEARS,F,White,Drug A,DRUGA,2023-04-20
STUDY001,SUBJ0399,SITE01,India,APAC,50,YEARS,M,Asian,Drug A,DRUGA,2023-04-30
STUDY001,SUBJ0400,SITE04,USA,NA,40,YEARS,M,Asian,Placebo,PLACEB,2023-04-07
STUDY001,SUBJ0401,SITE01,India,APAC,77,YEARS,F,White,Drug A,DRUGA,2023-05-25
STUDY001,SUBJ0402,SITE14,USA,NA,63,YEARS,F,Black,Drug A,DRUGA,2023-02-26
STUDY001,SUBJ0403,SITE05,USA,NA,70,YEARS,F,White,Placebo,PLACEB,2023-05-10
STUDY001,SUBJ0404,SITE04,USA,NA,65,YEARS,F,White,Placebo,PLACEB,2023-04-06
STUDY001,SUBJ0405,SITE08,India,APAC,44,YEARS,M,Asian,Drug A,DRUGA,2023-05-01
STUDY001,SUBJ0406,SITE08,India,APAC,59,YEARS,M,Asian,Placebo,PLACEB,2023-03-03
STUDY001,SUBJ0407,SITE07,India,APAC,50,YEARS,F,Asian,Drug A,DRUGA,2023-05-17
STUDY001,SUBJ0408,SITE03,Germany,EU,72,YEARS,M,Asian,Placebo,PLACEB,2023-03-09
STUDY001,SUBJ0409,SITE01,India,APAC,77,YEARS,M,Asian,Drug A,DRUGA,2023-03-22
STUDY001,SUBJ0410,SITE01,India,APAC,66,YEARS,M,Asian,Drug A,DRUGA,2023-01-17
STUDY001,SUBJ0411,SITE12,India,APAC,73,YEARS,F,Asian,Placebo,PLACEB,2023-04-27
STUDY001,SUBJ0412,SITE11,India,APAC,54,YEARS,M,Asian,Placebo,PLACEB,2023-02-19
STUDY001,SUBJ0413,SITE03,Germany,EU,71,YEARS,F,White,Drug A,DRUGA,2023-04-22
STUDY001,SUBJ0414,SITE06,USA,NA,60,YEARS,M,Black,Drug A,DRUGA,2023-04-04
STUDY001,SUBJ0415,SITE07,India,APAC,44,YEARS,M,Asian,Drug A,DRUGA,2023-06-17
STUDY001,SUBJ0416,SITE06,USA,NA,45,YEARS,M,Other,Placebo,PLACEB,2023-03-26
STUDY001,SUBJ0417,SITE14,USA,NA,77,YEARS,F,Black,Placebo,PLACEB,2023-05-29
STUDY001,SUBJ0418,SITE14,USA,NA,61,YEARS,M,Asian,Placebo,PLACEB,2023-05-26
STUDY001,SUBJ0419,SITE06,USA,NA,57,YEARS,F,White,Drug A,DRUGA,2023-06-06
STUDY001,SUBJ0420,SITE06,USA,NA,53,YEARS,F,White,Placebo,PLACEB,2023-06-01
STUDY001,SUBJ0421,SITE13,USA,NA,49,YEARS,F,White,Placebo,PLACEB,2023-03-15
STUDY001,SUBJ0422,SITE03,Germany,EU,52,YEARS,M,Asian,Drug A,DRUGA,2023-04-19
STUDY001,SUBJ0423,SITE06,USA,NA,70,YEARS,M,White,Drug A,DRUGA,2023-05-25
STUDY001,SUBJ0424,SITE08,India,APAC,69,YEARS,M,Asian,Placebo,PLACEB,2023-01-18
STUDY001,SUBJ0425,SITE11,India,APAC,42,YEARS,M,White,Placebo,PLACEB,2023-02-11
STUDY001,SUBJ0426,SITE11,India,APAC,69,YEARS,F,White,Drug A,DRUGA,2023-04-11
STUDY001,SUBJ0427,SITE02,India,APAC,45,YEARS,F,White,Drug A,DRUGA,2023-02-14
STUDY001,SUBJ0428,SITE05,USA,NA,68,YEARS,F,White,Placebo,PLACEB,2023-03-23
STUDY001,SUBJ0429,SITE14,USA,NA,47,YEARS,M,White,Drug A,DRUGA,2023-01-17
STUDY001,SUBJ0430,SITE01,India,APAC,72,YEARS,F,Asian,Drug A,DRUGA,2023-03-14
STUDY001,SUBJ0431,SITE12,India,APAC,56,YEARS,M,Asian,Placebo,PLACEB,2023-01-14
STUDY001,SUBJ0432,SITE15,India,APAC,50,YEARS,F,Black,Placebo,PLACEB,2023-06-26
STUDY001,SUBJ0433,SITE01,India,APAC,52,YEARS,M,Asian,Drug A,DRUGA,2023-06-06
STUDY001,SUBJ0434,SITE05,USA,NA,50,YEARS,M,Asian,Drug A,DRUGA,2023-05-12
STUDY001,SUBJ0435,SITE12,India,APAC,70,YEARS,F,Asian,Placebo,PLACEB,2023-03-23
STUDY001,SUBJ0436,SITE13,USA,NA,67,YEARS,F,Asian,Drug A,DRUGA,2023-05-28
STUDY001,SUBJ0437,SITE03,Germany,EU,45,YEARS,F,Other,Drug A,DRUGA,2023-04-30
STUDY001,SUBJ0438,SITE04,USA,NA,55,YEARS,F,White,Placebo,PLACEB,2023-04-30
STUDY001,SUBJ0439,SITE03,Germany,EU,43,YEARS,M,Other,Drug A,DRUGA,2023-02-16
STUDY001,SUBJ0440,SITE01,India,APAC,74,YEARS,F,White,Drug A,DRUGA,2023-04-17
STUDY001,SUBJ0441,SITE01,India,APAC,65,YEARS,F,Asian,Placebo,PLACEB,2023-04-18
STUDY001,SUBJ0442,SITE12,India,APAC,51,YEARS,F,Asian,Placebo,PLACEB,2023-01-09
STUDY001,SUBJ0443,SITE12,India,APAC,50,YEARS,M,White,Placebo,PLACEB,2023-03-20
STUDY001,SUBJ0444,SITE14,USA,NA,76,YEARS,M,Asian,Drug A,DRUGA,2023-06-04
STUDY001,SUBJ0445,SITE13,USA,NA,64,YEARS,F,Black,Drug A,DRUGA,2023-01-15
STUDY001,SUBJ0446,SITE14,USA,NA,57,YEARS,M,Black,Placebo,PLACEB,2023-01-19
STUDY001,SUBJ0447,SITE05,USA,NA,58,YEARS,F,Asian,Drug A,DRUGA,2023-03-31
STUDY001,SUBJ0448,SITE06,USA,NA,62,YEARS,M,Other,Drug A,DRUGA,2023-06-29
STUDY001,SUBJ0449,SITE03,Germany,EU,77,YEARS,M,Black,Drug A,DRUGA,2023-01-26
STUDY001,SUBJ0450,SITE12,India,APAC,57,YEARS,M,White,Placebo,PLACEB,2023-06-03
STUDY001,SUBJ0451,SITE09,Spain,EU,65,YEARS,M,Asian,Placebo,PLACEB,2023-06-03
STUDY001,SUBJ0452,SITE05,USA,NA,45,YEARS,F,Asian,Placebo,PLACEB,2023-06-23
STUDY001,SUBJ0453,SITE08,India,APAC,43,YEARS,F,White,Drug A,DRUGA,2023-04-02
STUDY001,SUBJ0454,SITE13,USA,NA,68,YEARS,F,Asian,Placebo,PLACEB,2023-06-26
STUDY001,SUBJ0455,SITE01,India,APAC,73,YEARS,M,Asian,Drug A,DRUGA,2023-03-23
STUDY001,SUBJ0456,SITE14,USA,NA,56,YEARS,F,White,Placebo,PLACEB,2023-05-11
STUDY001,SUBJ0457,SITE05,USA,NA,55,YEARS,F,Asian,Placebo,PLACEB,2023-02-11
STUDY001,SUBJ0458,SITE15,India,APAC,41,YEARS,F,White,Drug A,DRUGA,2023-01-19
STUDY001,SUBJ0459,SITE03,Germany,EU,73,YEARS,M,Other,Drug A,DRUGA,2023-01-17
STUDY001,SUBJ0460,SITE12,India,APAC,47,YEARS,M,Black,Placebo,PLACEB,2023-06-10
STUDY001,SUBJ0461,SITE01,India,APAC,52,YEARS,M,Asian,Placebo,PLACEB,2023-03-17
STUDY001,SUBJ0462,SITE04,USA,NA,47,YEARS,F,Black,Drug A,DRUGA,2023-06-26
STUDY001,SUBJ0463,SITE15,India,APAC,69,YEARS,F,Asian,Placebo,PLACEB,2023-03-04
STUDY001,SUBJ0464,SITE13,USA,NA,71,YEARS,F,Asian,Placebo,PLACEB,2023-05-11
STUDY001,SUBJ0465,SITE05,USA,NA,75,YEARS,M,White,Drug A,DRUGA,2023-04-17
STUDY001,SUBJ0466,SITE07,India,APAC,69,YEARS,M,Asian,Placebo,PLACEB,2023-02-18
STUDY001,SUBJ0467,SITE01,India,APAC,40,YEARS,F,Asian,Placebo,PLACEB,2023-02-24
STUDY001,SUBJ0468,SITE03,Germany,EU,78,YEARS,M,White,Placebo,PLACEB,2023-06-03
STUDY001,SUBJ0469,SITE02,India,APAC,56,YEARS,M,Asian,Placebo,PLACEB,2023-04-09
STUDY001,SUBJ0470,SITE09,Spain,EU,59,YEARS,M,Asian,Placebo,PLACEB,2023-02-21
STUDY001,SUBJ0471,SITE10,India,APAC,63,YEARS,M,Asian,Placebo,PLACEB,2023-04-10
STUDY001,SUBJ0472,SITE15,India,APAC,61,YEARS,F,White,Placebo,PLACEB,2023-04-27
STUDY001,SUBJ0473,SITE06,USA,NA,68,YEARS,M,White,Placebo,PLACEB,2023-04-28
STUDY001,SUBJ0474,SITE10,India,APAC,61,YEARS,M,Asian,Drug A,DRUGA,2023-01-07
STUDY001,SUBJ0475,SITE03,Germany,EU,48,YEARS,M,Asian,Placebo,PLACEB,2023-02-15
STUDY001,SUBJ0476,SITE08,India,APAC,76,YEARS,M,Asian,Placebo,PLACEB,2023-02-15
STUDY001,SUBJ0477,SITE14,USA,NA,49,YEARS,F,Asian,Drug A,DRUGA,2023-04-10
STUDY001,SUBJ0478,SITE08,India,APAC,75,YEARS,F,White,Drug A,DRUGA,2023-05-24
STUDY001,SUBJ0479,SITE02,India,APAC,76,YEARS,M,Asian,Placebo,PLACEB,2023-06-01
STUDY001,SUBJ0480,SITE15,India,APAC,67,YEARS,M,Asian,Drug A,DRUGA,2023-02-23
STUDY001,SUBJ0481,SITE06,USA,NA,67,YEARS,M,White,Placebo,PLACEB,2023-03-03
STUDY001,SUBJ0482,SITE07,India,APAC,60,YEARS,M,White,Placebo,PLACEB,2023-05-09
STUDY001,SUBJ0483,SITE02,India,APAC,63,YEARS,M,White,Drug A,DRUGA,2023-02-18
STUDY001,SUBJ0484,SITE15,India,APAC,79,YEARS,M,Asian,Drug A,DRUGA,2023-01-25
STUDY001,SUBJ0485,SITE11,India,APAC,41,YEARS,F,Asian,Placebo,PLACEB,2023-01-10
STUDY001,SUBJ0486,SITE10,India,APAC,47,YEARS,M,Asian,Placebo,PLACEB,2023-04-28
STUDY001,SUBJ0487,SITE02,India,APAC,66,YEARS,F,Asian,Drug A,DRUGA,2023-05-24
STUDY001,SUBJ0488,SITE10,India,APAC,61,YEARS,F,White,Placebo,PLACEB,2023-06-06
STUDY001,SUBJ0489,SITE01,India,APAC,76,YEARS,M,Black,Drug A,DRUGA,2023-04-02
STUDY001,SUBJ0490,SITE08,India,APAC,66,YEARS,F,White,Placebo,PLACEB,2023-05-14
STUDY001,SUBJ0491,SITE01,India,APAC,68,YEARS,F,White,Drug A,DRUGA,2023-05-24
STUDY001,SUBJ0492,SITE09,Spain,EU,42,YEARS,F,Asian,Drug A,DRUGA,2023-05-28
STUDY001,SUBJ0493,SITE11,India,APAC,52,YEARS,F,White,Drug A,DRUGA,2023-03-21
STUDY001,SUBJ0494,SITE06,USA,NA,49,YEARS,F,Asian,Drug A,DRUGA,2023-03-12
STUDY001,SUBJ0495,SITE07,India,APAC,75,YEARS,F,White,Drug A,DRUGA,2023-03-19
STUDY001,SUBJ0496,SITE13,USA,NA,48,YEARS,M,Asian,Placebo,PLACEB,2023-02-12
STUDY001,SUBJ0497,SITE10,India,APAC,66,YEARS,F,Asian,Placebo,PLACEB,2023-06-03
STUDY001,SUBJ0498,SITE07,India,APAC,73,YEARS,F,Asian,Placebo,PLACEB,2023-03-31
STUDY001,SUBJ0499,SITE10,India,APAC,40,YEARS,F,Other,Drug A,DRUGA,2023-03-19
STUDY001,SUBJ0500,SITE03,Germany,EU,71,YEARS,M,Asian,Drug A,DRUGA,2023-06-10
STUDY001,SUBJ0501,SITE02,India,APAC,64,YEARS,F,Asian,Placebo,PLACEB,2023-01-26
STUDY001,SUBJ0502,SITE09,Spain,EU,68,YEARS,M,Asian,Placebo,PLACEB,2023-05-01
STUDY001,SUBJ0503,SITE08,India,APAC,46,YEARS,F,White,Placebo,PLACEB,2023-02-14
STUDY001,SUBJ0504,SITE13,USA,NA,42,YEARS,M,White,Drug A,DRUGA,2023-03-04
STUDY001,SUBJ0505,SITE12,India,APAC,59,YEARS,M,White,Placebo,PLACEB,2023-06-29
STUDY001,SUBJ0506,SITE10,India,APAC,59,YEARS,F,Asian,Drug A,DRUGA,2023-03-09
STUDY001,SUBJ0507,SITE07,India,APAC,69,YEARS,F,White,Drug A,DRUGA,2023-06-03
STUDY001,SUBJ0508,SITE09,Spain,EU,74,YEARS,M,Asian,Placebo,PLACEB,2023-01-02
STUDY001,SUBJ0509,SITE04,USA,NA,74,YEARS,F,Black,Placebo,PLACEB,2023-05-22
STUDY001,SUBJ0510,SITE13,USA,NA,78,YEARS,M,White,Placebo,PLACEB,2023-04-18
STUDY001,SUBJ0511,SITE04,USA,NA,66,YEARS,M,Asian,Placebo,PLACEB,2023-01-30
STUDY001,SUBJ0512,SITE01,India,APAC,65,YEARS,M,Asian,Placebo,PLACEB,2023-02-18
STUDY001,SUBJ0513,SITE08,India,APAC,53,YEARS,M,Asian,Placebo,PLACEB,2023-05-20
STUDY001,SUBJ0514,SITE14,USA,NA,56,YEARS,M,Asian,Drug A,DRUGA,2023-02-13
STUDY001,SUBJ0515,SITE14,USA,NA,57,YEARS,F,Asian,Placebo,PLACEB,2023-06-10
STUDY001,SUBJ0516,SITE12,India,APAC,68,YEARS,M,White,Placebo,PLACEB,2023-01-13
STUDY001,SUBJ0517,SITE03,Germany,EU,59,YEARS,M,Asian,Drug A,DRUGA,2023-03-19
STUDY001,SUBJ0518,SITE07,India,APAC,66,YEARS,F,Asian,Drug A,DRUGA,2023-05-06
STUDY001,SUBJ0519,SITE15,India,APAC,57,YEARS,M,Asian,Placebo,PLACEB,2023-04-08
STUDY001,SUBJ0520,SITE12,India,APAC,43,YEARS,F,Asian,Drug A,DRUGA,2023-01-26
STUDY001,SUBJ0521,SITE02,India,APAC,40,YEARS,F,Black,Placebo,PLACEB,2023-05-29
STUDY001,SUBJ0522,SITE02,India,APAC,40,YEARS,F,Asian,Drug A,DRUGA,2023-06-05
STUDY001,SUBJ0523,SITE07,India,APAC,65,YEARS,M,White,Drug A,DRUGA,2023-02-17
STUDY001,SUBJ0524,SITE15,India,APAC,59,YEARS,M,Black,Drug A,DRUGA,2023-06-17
STUDY001,SUBJ0525,SITE06,USA,NA,62,YEARS,M,White,Placebo,PLACEB,2023-03-07
STUDY001,SUBJ0526,SITE03,Germany,EU,49,YEARS,F,Black,Drug A,DRUGA,2023-03-28
STUDY001,SUBJ0527,SITE09,Spain,EU,50,YEARS,M,Asian,Placebo,PLACEB,2023-03-20
STUDY001,SUBJ0528,SITE10,India,APAC,44,YEARS,F,Other,Placebo,PLACEB,2023-01-23
STUDY001,SUBJ0529,SITE15,India,APAC,40,YEARS,M,Asian,Placebo,PLACEB,2023-03-22
STUDY001,SUBJ0530,SITE14,USA,NA,56,YEARS,F,Asian,Placebo,PLACEB,2023-02-17
STUDY001,SUBJ0531,SITE13,USA,NA,61,YEARS,M,White,Placebo,PLACEB,2023-05-04
STUDY001,SUBJ0532,SITE06,USA,NA,73,YEARS,M,Other,Drug A,DRUGA,2023-05-10
STUDY001,SUBJ0533,SITE10,India,APAC,68,YEARS,M,Black,Drug A,DRUGA,2023-03-25
STUDY001,SUBJ0534,SITE10,India,APAC,43,YEARS,F,Asian,Placebo,PLACEB,2023-01-20
STUDY001,SUBJ0535,SITE06,USA,NA,44,YEARS,F,Asian,Placebo,PLACEB,2023-02-15
STUDY001,SUBJ0536,SITE01,India,APAC,50,YEARS,M,Other,Placebo,PLACEB,2023-05-11
STUDY001,SUBJ0537,SITE04,USA,NA,60,YEARS,M,Asian,Placebo,PLACEB,2023-01-12
STUDY001,SUBJ0538,SITE10,India,APAC,74,YEARS,F,White,Placebo,PLACEB,2023-02-09
STUDY001,SUBJ0539,SITE06,USA,NA,51,YEARS,F,Black,Drug A,DRUGA,2023-03-07
STUDY001,SUBJ0540,SITE15,India,APAC,65,YEARS,F,Asian,Placebo,PLACEB,2023-04-10
STUDY001,SUBJ0541,SITE06,USA,NA,58,YEARS,M,Asian,Placebo,PLACEB,2023-03-19
STUDY001,SUBJ0542,SITE11,India,APAC,46,YEARS,F,Asian,Placebo,PLACEB,2023-01-16
STUDY001,SUBJ0543,SITE12,India,APAC,46,YEARS,M,Asian,Drug A,DRUGA,2023-03-24
STUDY001,SUBJ0544,SITE05,USA,NA,65,YEARS,F,Black,Drug A,DRUGA,2023-06-11
STUDY001,SUBJ0545,SITE01,India,APAC,79,YEARS,M,Asian,Drug A,DRUGA,2023-02-13
STUDY001,SUBJ0546,SITE08,India,APAC,44,YEARS,F,Black,Drug A,DRUGA,2023-05-14
STUDY001,SUBJ0547,SITE05,USA,NA,60,YEARS,F,Asian,Placebo,PLACEB,2023-04-10
STUDY001,SUBJ0548,SITE12,India,APAC,53,YEARS,F,Other,Placebo,PLACEB,2023-01-22
STUDY001,SUBJ0549,SITE12,India,APAC,43,YEARS,F,Asian,Drug A,DRUGA,2023-01-18
STUDY001,SUBJ0550,SITE12,India,APAC,62,YEARS,F,Asian,Placebo,PLACEB,2023-01-12
STUDY001,SUBJ0551,SITE05,USA,NA,59,YEARS,M,Asian,Drug A,DRUGA,2023-06-29
STUDY001,SUBJ0552,SITE07,India,APAC,54,YEARS,F,White,Placebo,PLACEB,2023-05-03
STUDY001,SUBJ0553,SITE04,USA,NA,68,YEARS,F,White,Placebo,PLACEB,2023-04-27
STUDY001,SUBJ0554,SITE06,USA,NA,47,YEARS,F,Black,Drug A,DRUGA,2023-02-20
STUDY001,SUBJ0555,SITE13,USA,NA,58,YEARS,M,Asian,Drug A,DRUGA,2023-03-12
STUDY001,SUBJ0556,SITE04,USA,NA,78,YEARS,F,Asian,Drug A,DRUGA,2023-02-17
STUDY001,SUBJ0557,SITE14,USA,NA,67,YEARS,M,White,Placebo,PLACEB,2023-01-19
STUDY001,SUBJ0558,SITE15,India,APAC,66,YEARS,F,Asian,Drug A,DRUGA,2023-01-06
STUDY001,SUBJ0559,SITE03,Germany,EU,43,YEARS,F,Asian,Placebo,PLACEB,2023-03-25
STUDY001,SUBJ0560,SITE07,India,APAC,54,YEARS,M,Other,Placebo,PLACEB,2023-06-04
STUDY001,SUBJ0561,SITE08,India,APAC,74,YEARS,F,Other,Placebo,PLACEB,2023-02-22
STUDY001,SUBJ0562,SITE04,USA,NA,76,YEARS,M,Other,Placebo,PLACEB,2023-04-17
STUDY001,SUBJ0563,SITE13,USA,NA,40,YEARS,M,White,Placebo,PLACEB,2023-04-11
STUDY001,SUBJ0564,SITE02,India,APAC,42,YEARS,F,Asian,Placebo,PLACEB,2023-02-17
STUDY001,SUBJ0565,SITE12,India,APAC,63,YEARS,M,Asian,Placebo,PLACEB,2023-05-15
STUDY001,SUBJ0566,SITE10,India,APAC,66,YEARS,F,White,Placebo,PLACEB,2023-03-10
STUDY001,SUBJ0567,SITE14,USA,NA,79,YEARS,F,Black,Placebo,PLACEB,2023-01-11
STUDY001,SUBJ0568,SITE03,Germany,EU,75,YEARS,M,Asian,Placebo,PLACEB,2023-05-23
STUDY001,SUBJ0569,SITE01,India,APAC,73,YEARS,M,Asian,Placebo,PLACEB,2023-05-11
STUDY001,SUBJ0570,SITE08,India,APAC,68,YEARS,M,Asian,Drug A,DRUGA,2023-05-02
STUDY001,SUBJ0571,SITE15,India,APAC,63,YEARS,M,White,Placebo,PLACEB,2023-03-10
STUDY001,SUBJ0572,SITE03,Germany,EU,63,YEARS,F,Black,Placebo,PLACEB,2023-01-23
STUDY001,SUBJ0573,SITE12,India,APAC,43,YEARS,F,White,Placebo,PLACEB,2023-02-06
STUDY001,SUBJ0574,SITE10,India,APAC,42,YEARS,M,Asian,Drug A,DRUGA,2023-01-09
STUDY001,SUBJ0575,SITE07,India,APAC,73,YEARS,F,Other,Drug A,DRUGA,2023-01-15
STUDY001,SUBJ0576,SITE10,India,APAC,62,YEARS,F,White,Drug A,DRUGA,2023-05-11
STUDY001,SUBJ0577,SITE05,USA,NA,62,YEARS,F,Asian,Drug A,DRUGA,2023-04-03
STUDY001,SUBJ0578,SITE10,India,APAC,44,YEARS,F,Asian,Placebo,PLACEB,2023-01-17
STUDY001,SUBJ0579,SITE05,USA,NA,70,YEARS,M,Asian,Drug A,DRUGA,2023-06-03
STUDY001,SUBJ0580,SITE14,USA,NA,45,YEARS,M,Asian,Drug A,DRUGA,2023-05-29
STUDY001,SUBJ0581,SITE07,India,APAC,76,YEARS,F,Other,Placebo,PLACEB,2023-03-13
STUDY001,SUBJ0582,SITE15,India,APAC,49,YEARS,M,Asian,Placebo,PLACEB,2023-05-29
STUDY001,SUBJ0583,SITE09,Spain,EU,79,YEARS,M,Black,Placebo,PLACEB,2023-05-01
STUDY001,SUBJ0584,SITE12,India,APAC,46,YEARS,M,Asian,Drug A,DRUGA,2023-01-11
STUDY001,SUBJ0585,SITE05,USA,NA,78,YEARS,F,Asian,Drug A,DRUGA,2023-06-15
STUDY001,SUBJ0586,SITE01,India,APAC,77,YEARS,F,Asian,Drug A,DRUGA,2023-03-13
STUDY001,SUBJ0587,SITE10,India,APAC,60,YEARS,F,Asian,Placebo,PLACEB,2023-04-16
STUDY001,SUBJ0588,SITE10,India,APAC,59,YEARS,M,Asian,Placebo,PLACEB,2023-05-05
STUDY001,SUBJ0589,SITE01,India,APAC,42,YEARS,F,Other,Placebo,PLACEB,2023-02-04
STUDY001,SUBJ0590,SITE15,India,APAC,61,YEARS,F,White,Placebo,PLACEB,2023-04-29
STUDY001,SUBJ0591,SITE02,India,APAC,43,YEARS,M,White,Drug A,DRUGA,2023-01-14
STUDY001,SUBJ0592,SITE14,USA,NA,67,YEARS,F,Asian,Drug A,DRUGA,2023-01-14
STUDY001,SUBJ0593,SITE06,USA,NA,51,YEARS,F,Asian,Placebo,PLACEB,2023-01-10
STUDY001,SUBJ0594,SITE09,Spain,EU,77,YEARS,M,Asian,Drug A,DRUGA,2023-05-20
STUDY001,SUBJ0595,SITE08,India,APAC,75,YEARS,M,White,Placebo,PLACEB,2023-02-07
STUDY001,SUBJ0596,SITE13,USA,NA,44,YEARS,M,Asian,Drug A,DRUGA,2023-04-18
STUDY001,SUBJ0597,SITE05,USA,NA,52,YEARS,F,Asian,Placebo,PLACEB,2023-04-29
STUDY001,SUBJ0598,SITE01,India,APAC,62,YEARS,F,White,Placebo,PLACEB,2023-02-03
STUDY001,SUBJ0599,SITE13,USA,NA,69,YEARS,F,Asian,Placebo,PLACEB,2023-06-18
STUDY001,SUBJ0600,SITE07,India,APAC,76,YEARS,M,Asian,Placebo,PLACEB,2023-01-10
STUDY001,SUBJ0601,SITE15,India,APAC,64,YEARS,M,Asian,Placebo,PLACEB,2023-05-02
STUDY001,SUBJ0602,SITE05,USA,NA,66,YEARS,F,Other,Drug A,DRUGA,2023-05-25
STUDY001,SUBJ0603,SITE06,USA,NA,53,YEARS,F,White,Drug A,DRUGA,2023-05-25
STUDY001,SUBJ0604,SITE13,USA,NA,75,YEARS,M,Asian,Drug A,DRUGA,2023-04-25
STUDY001,SUBJ0605,SITE07,India,APAC,78,YEARS,M,Asian,Placebo,PLACEB,2023-01-01
STUDY001,SUBJ0606,SITE03,Germany,EU,55,YEARS,M,Other,Drug A,DRUGA,2023-01-12
STUDY001,SUBJ0607,SITE12,India,APAC,61,YEARS,M,White,Placebo,PLACEB,2023-04-13
STUDY001,SUBJ0608,SITE10,India,APAC,60,YEARS,F,Asian,Placebo,PLACEB,2023-01-04
STUDY001,SUBJ0609,SITE03,Germany,EU,60,YEARS,M,Black,Drug A,DRUGA,2023-06-19
STUDY001,SUBJ0610,SITE05,USA,NA,47,YEARS,F,Asian,Drug A,DRUGA,2023-05-21
STUDY001,SUBJ0611,SITE06,USA,NA,55,YEARS,F,White,Placebo,PLACEB,2023-04-08
STUDY001,SUBJ0612,SITE09,Spain,EU,70,YEARS,F,White,Placebo,PLACEB,2023-04-16
STUDY001,SUBJ0613,SITE13,USA,NA,49,YEARS,M,Asian,Drug A,DRUGA,2023-03-26
STUDY001,SUBJ0614,SITE14,USA,NA,71,YEARS,M,Other,Placebo,PLACEB,2023-05-01
STUDY001,SUBJ0615,SITE12,India,APAC,73,YEARS,M,White,Placebo,PLACEB,2023-05-12
STUDY001,SUBJ0616,SITE05,USA,NA,48,YEARS,M,White,Drug A,DRUGA,2023-03-23
STUDY001,SUBJ0617,SITE15,India,APAC,56,YEARS,F,Asian,Placebo,PLACEB,2023-01-19
STUDY001,SUBJ0618,SITE01,India,APAC,50,YEARS,M,Asian,Placebo,PLACEB,2023-05-10
STUDY001,SUBJ0619,SITE14,USA,NA,71,YEARS,M,Asian,Placebo,PLACEB,2023-01-12
STUDY001,SUBJ0620,SITE14,USA,NA,49,YEARS,F,White,Drug A,DRUGA,2023-03-22
STUDY001,SUBJ0621,SITE14,USA,NA,61,YEARS,M,Asian,Drug A,DRUGA,2023-03-15
STUDY001,SUBJ0622,SITE04,USA,NA,56,YEARS,F,White,Drug A,DRUGA,2023-04-08
STUDY001,SUBJ0623,SITE05,USA,NA,43,YEARS,F,White,Drug A,DRUGA,2023-01-06
STUDY001,SUBJ0624,SITE12,India,APAC,64,YEARS,F,Asian,Drug A,DRUGA,2023-05-16
STUDY001,SUBJ0625,SITE10,India,APAC,60,YEARS,F,White,Placebo,PLACEB,2023-05-05
STUDY001,SUBJ0626,SITE10,India,APAC,76,YEARS,F,Asian,Placebo,PLACEB,2023-02-20
STUDY001,SUBJ0627,SITE05,USA,NA,77,YEARS,F,Other,Drug A,DRUGA,2023-01-11
STUDY001,SUBJ0628,SITE07,India,APAC,40,YEARS,F,Asian,Drug A,DRUGA,2023-05-07
STUDY001,SUBJ0629,SITE04,USA,NA,64,YEARS,F,Asian,Drug A,DRUGA,2023-05-20
STUDY001,SUBJ0630,SITE01,India,APAC,75,YEARS,M,Asian,Drug A,DRUGA,2023-03-14
STUDY001,SUBJ0631,SITE14,USA,NA,56,YEARS,M,Asian,Placebo,PLACEB,2023-01-02
STUDY001,SUBJ0632,SITE14,USA,NA,63,YEARS,M,White,Placebo,PLACEB,2023-01-08
STUDY001,SUBJ0633,SITE05,USA,NA,41,YEARS,M,White,Placebo,PLACEB,2023-05-19
STUDY001,SUBJ0634,SITE07,India,APAC,79,YEARS,F,White,Placebo,PLACEB,2023-05-04
STUDY001,SUBJ0635,SITE10,India,APAC,54,YEARS,M,Asian,Placebo,PLACEB,2023-02-22
STUDY001,SUBJ0636,SITE10,India,APAC,71,YEARS,F,Asian,Drug A,DRUGA,2023-01-10
STUDY001,SUBJ0637,SITE06,USA,NA,78,YEARS,M,Asian,Drug A,DRUGA,2023-04-22
STUDY001,SUBJ0638,SITE05,USA,NA,45,YEARS,M,White,Placebo,PLACEB,2023-01-08
STUDY001,SUBJ0639,SITE04,USA,NA,40,YEARS,M,Black,Placebo,PLACEB,2023-02-05
STUDY001,SUBJ0640,SITE02,India,APAC,62,YEARS,F,Asian,Placebo,PLACEB,2023-04-16
STUDY001,SUBJ0641,SITE04,USA,NA,78,YEARS,M,Asian,Placebo,PLACEB,2023-01-14
STUDY001,SUBJ0642,SITE15,India,APAC,56,YEARS,F,White,Drug A,DRUGA,2023-03-27
STUDY001,SUBJ0643,SITE10,India,APAC,73,YEARS,F,Black,Drug A,DRUGA,2023-05-29
STUDY001,SUBJ0644,SITE10,India,APAC,68,YEARS,M,White,Drug A,DRUGA,2023-02-19
STUDY001,SUBJ0645,SITE03,Germany,EU,48,YEARS,M,Black,Drug A,DRUGA,2023-06-16
STUDY001,SUBJ0646,SITE10,India,APAC,52,YEARS,M,Asian,Drug A,DRUGA,2023-01-20
STUDY001,SUBJ0647,SITE01,India,APAC,45,YEARS,F,Asian,Placebo,PLACEB,2023-03-28
STUDY001,SUBJ0648,SITE08,India,APAC,45,YEARS,M,Black,Placebo,PLACEB,2023-05-15
STUDY001,SUBJ0649,SITE05,USA,NA,59,YEARS,F,White,Placebo,PLACEB,2023-05-17
STUDY001,SUBJ0650,SITE13,USA,NA,42,YEARS,F,Asian,Drug A,DRUGA,2023-05-09
STUDY001,SUBJ0651,SITE04,USA,NA,56,YEARS,M,White,Placebo,PLACEB,2023-06-03
STUDY001,SUBJ0652,SITE08,India,APAC,51,YEARS,M,Black,Placebo,PLACEB,2023-06-15
STUDY001,SUBJ0653,SITE07,India,APAC,40,YEARS,F,White,Drug A,DRUGA,2023-02-07
STUDY001,SUBJ0654,SITE02,India,APAC,56,YEARS,F,White,Drug A,DRUGA,2023-02-13
STUDY001,SUBJ0655,SITE01,India,APAC,42,YEARS,F,Asian,Drug A,DRUGA,2023-03-27
STUDY001,SUBJ0656,SITE12,India,APAC,65,YEARS,M,White,Placebo,PLACEB,2023-02-13
STUDY001,SUBJ0657,SITE11,India,APAC,54,YEARS,F,White,Placebo,PLACEB,2023-03-15
STUDY001,SUBJ0658,SITE04,USA,NA,75,YEARS,M,Black,Placebo,PLACEB,2023-04-29
STUDY001,SUBJ0659,SITE08,India,APAC,71,YEARS,F,Black,Placebo,PLACEB,2023-05-02
STUDY001,SUBJ0660,SITE12,India,APAC,71,YEARS,F,Black,Placebo,PLACEB,2023-05-14
STUDY001,SUBJ0661,SITE02,India,APAC,43,YEARS,M,Asian,Placebo,PLACEB,2023-05-25
STUDY001,SUBJ0662,SITE03,Germany,EU,57,YEARS,F,White,Drug A,DRUGA,2023-02-20
STUDY001,SUBJ0663,SITE12,India,APAC,58,YEARS,M,White,Placebo,PLACEB,2023-02-07
STUDY001,SUBJ0664,SITE01,India,APAC,74,YEARS,M,White,Drug A,DRUGA,2023-06-01
STUDY001,SUBJ0665,SITE01,India,APAC,79,YEARS,F,White,Drug A,DRUGA,2023-02-20
STUDY001,SUBJ0666,SITE13,USA,NA,53,YEARS,M,Black,Placebo,PLACEB,2023-01-10
STUDY001,SUBJ0667,SITE03,Germany,EU,72,YEARS,M,Asian,Drug A,DRUGA,2023-04-30
STUDY001,SUBJ0668,SITE11,India,APAC,53,YEARS,F,White,Placebo,PLACEB,2023-05-29
STUDY001,SUBJ0669,SITE05,USA,NA,73,YEARS,M,Asian,Placebo,PLACEB,2023-03-11
STUDY001,SUBJ0670,SITE12,India,APAC,43,YEARS,M,Asian,Drug A,DRUGA,2023-03-26
STUDY001,SUBJ0671,SITE03,Germany,EU,63,YEARS,M,White,Placebo,PLACEB,2023-02-26
STUDY001,SUBJ0672,SITE01,India,APAC,68,YEARS,F,White,Drug A,DRUGA,2023-05-06
STUDY001,SUBJ0673,SITE01,India,APAC,58,YEARS,M,Asian,Placebo,PLACEB,2023-02-08
STUDY001,SUBJ0674,SITE08,India,APAC,45,YEARS,F,Asian,Drug A,DRUGA,2023-02-02
STUDY001,SUBJ0675,SITE10,India,APAC,72,YEARS,F,White,Placebo,PLACEB,2023-01-18
STUDY001,SUBJ0676,SITE11,India,APAC,79,YEARS,M,Asian,Placebo,PLACEB,2023-02-26
STUDY001,SUBJ0677,SITE12,India,APAC,58,YEARS,M,Asian,Placebo,PLACEB,2023-04-06
STUDY001,SUBJ0678,SITE13,USA,NA,40,YEARS,M,Asian,Drug A,DRUGA,2023-02-17
STUDY001,SUBJ0679,SITE13,USA,NA,44,YEARS,F,Asian,Drug A,DRUGA,2023-02-11
STUDY001,SUBJ0680,SITE12,India,APAC,66,YEARS,M,Asian,Drug A,DRUGA,2023-01-27
STUDY001,SUBJ0681,SITE15,India,APAC,55,YEARS,M,Asian,Placebo,PLACEB,2023-03-15
STUDY001,SUBJ0682,SITE14,USA,NA,45,YEARS,M,Asian,Drug A,DRUGA,2023-04-20
STUDY001,SUBJ0683,SITE02,India,APAC,79,YEARS,M,Black,Drug A,DRUGA,2023-06-29
STUDY001,SUBJ0684,SITE13,USA,NA,52,YEARS,M,White,Drug A,DRUGA,2023-06-19
STUDY001,SUBJ0685,SITE03,Germany,EU,74,YEARS,F,White,Placebo,PLACEB,2023-02-01
STUDY001,SUBJ0686,SITE02,India,APAC,58,YEARS,F,Asian,Drug A,DRUGA,2023-01-26
STUDY001,SUBJ0687,SITE03,Germany,EU,51,YEARS,M,Asian,Drug A,DRUGA,2023-01-25
STUDY001,SUBJ0688,SITE07,India,APAC,55,YEARS,M,White,Placebo,PLACEB,2023-03-16
STUDY001,SUBJ0689,SITE01,India,APAC,49,YEARS,M,Asian,Drug A,DRUGA,2023-01-23
STUDY001,SUBJ0690,SITE10,India,APAC,64,YEARS,M,Asian,Drug A,DRUGA,2023-02-26
STUDY001,SUBJ0691,SITE08,India,APAC,59,YEARS,F,White,Placebo,PLACEB,2023-06-29
STUDY001,SUBJ0692,SITE13,USA,NA,70,YEARS,M,White,Placebo,PLACEB,2023-05-06
STUDY001,SUBJ0693,SITE10,India,APAC,43,YEARS,F,Asian,Placebo,PLACEB,2023-03-28
STUDY001,SUBJ0694,SITE10,India,APAC,62,YEARS,F,Asian,Drug A,DRUGA,2023-01-31
STUDY001,SUBJ0695,SITE10,India,APAC,41,YEARS,M,White,Drug A,DRUGA,2023-03-05
STUDY001,SUBJ0696,SITE14,USA,NA,61,YEARS,F,Asian,Placebo,PLACEB,2023-02-02
STUDY001,SUBJ0697,SITE02,India,APAC,76,YEARS,F,White,Drug A,DRUGA,2023-01-02
STUDY001,SUBJ0698,SITE03,Germany,EU,47,YEARS,F,White,Drug A,DRUGA,2023-01-18
STUDY001,SUBJ0699,SITE09,Spain,EU,46,YEARS,F,Other,Placebo,PLACEB,2023-06-24
STUDY001,SUBJ0700,SITE07,India,APAC,53,YEARS,M,Asian,Drug A,DRUGA,2023-06-10
STUDY001,SUBJ0701,SITE04,USA,NA,42,YEARS,M,Black,Drug A,DRUGA,2023-03-25
STUDY001,SUBJ0702,SITE10,India,APAC,55,YEARS,F,White,Drug A,DRUGA,2023-02-04
STUDY001,SUBJ0703,SITE05,USA,NA,58,YEARS,M,Asian,Drug A,DRUGA,2023-06-28
STUDY001,SUBJ0704,SITE02,India,APAC,57,YEARS,M,Asian,Drug A,DRUGA,2023-04-24
STUDY001,SUBJ0705,SITE13,USA,NA,55,YEARS,M,White,Drug A,DRUGA,2023-05-26
STUDY001,SUBJ0706,SITE11,India,APAC,47,YEARS,M,Asian,Placebo,PLACEB,2023-04-20
STUDY001,SUBJ0707,SITE13,USA,NA,72,YEARS,M,Asian,Drug A,DRUGA,2023-03-29
STUDY001,SUBJ0708,SITE08,India,APAC,51,YEARS,F,Asian,Drug A,DRUGA,2023-03-13
STUDY001,SUBJ0709,SITE04,USA,NA,50,YEARS,M,Black,Drug A,DRUGA,2023-05-05
STUDY001,SUBJ0710,SITE09,Spain,EU,44,YEARS,M,White,Placebo,PLACEB,2023-01-30
STUDY001,SUBJ0711,SITE05,USA,NA,66,YEARS,M,White,Drug A,DRUGA,2023-06-21
STUDY001,SUBJ0712,SITE13,USA,NA,51,YEARS,M,Asian,Placebo,PLACEB,2023-02-22
STUDY001,SUBJ0713,SITE09,Spain,EU,56,YEARS,F,Asian,Drug A,DRUGA,2023-05-18
STUDY001,SUBJ0714,SITE04,USA,NA,45,YEARS,F,White,Placebo,PLACEB,2023-03-28
STUDY001,SUBJ0715,SITE10,India,APAC,72,YEARS,F,Asian,Placebo,PLACEB,2023-06-29
STUDY001,SUBJ0716,SITE05,USA,NA,44,YEARS,F,Asian,Placebo,PLACEB,2023-06-26
STUDY001,SUBJ0717,SITE09,Spain,EU,67,YEARS,M,White,Placebo,PLACEB,2023-05-19
STUDY001,SUBJ0718,SITE08,India,APAC,53,YEARS,F,Other,Drug A,DRUGA,2023-06-13
STUDY001,SUBJ0719,SITE03,Germany,EU,44,YEARS,M,White,Drug A,DRUGA,2023-06-10
STUDY001,SUBJ0720,SITE01,India,APAC,72,YEARS,M,White,Drug A,DRUGA,2023-06-24
STUDY001,SUBJ0721,SITE03,Germany,EU,58,YEARS,M,Other,Placebo,PLACEB,2023-01-13
STUDY001,SUBJ0722,SITE04,USA,NA,61,YEARS,M,Asian,Placebo,PLACEB,2023-02-09
STUDY001,SUBJ0723,SITE02,India,APAC,44,YEARS,M,White,Drug A,DRUGA,2023-03-30
STUDY001,SUBJ0724,SITE01,India,APAC,41,YEARS,F,Other,Drug A,DRUGA,2023-03-09
STUDY001,SUBJ0725,SITE07,India,APAC,69,YEARS,F,Asian,Placebo,PLACEB,2023-02-11
STUDY001,SUBJ0726,SITE08,India,APAC,78,YEARS,F,White,Placebo,PLACEB,2023-05-27
STUDY001,SUBJ0727,SITE07,India,APAC,43,YEARS,F,White,Placebo,PLACEB,2023-04-04
STUDY001,SUBJ0728,SITE14,USA,NA,72,YEARS,M,White,Drug A,DRUGA,2023-01-19
STUDY001,SUBJ0729,SITE05,USA,NA,52,YEARS,F,White,Drug A,DRUGA,2023-01-23
STUDY001,SUBJ0730,SITE12,India,APAC,59,YEARS,M,Other,Placebo,PLACEB,2023-02-23
STUDY001,SUBJ0731,SITE01,India,APAC,46,YEARS,F,White,Placebo,PLACEB,2023-03-06
STUDY001,SUBJ0732,SITE07,India,APAC,54,YEARS,M,Asian,Drug A,DRUGA,2023-05-20
STUDY001,SUBJ0733,SITE13,USA,NA,62,YEARS,M,Black,Placebo,PLACEB,2023-01-24
STUDY001,SUBJ0734,SITE07,India,APAC,53,YEARS,F,Asian,Placebo,PLACEB,2023-02-03
STUDY001,SUBJ0735,SITE09,Spain,EU,62,YEARS,M,Asian,Drug A,DRUGA,2023-02-22
STUDY001,SUBJ0736,SITE03,Germany,EU,58,YEARS,M,Asian,Placebo,PLACEB,2023-05-16
STUDY001,SUBJ0737,SITE09,Spain,EU,68,YEARS,F,Asian,Placebo,PLACEB,2023-01-18
STUDY001,SUBJ0738,SITE14,USA,NA,59,YEARS,M,Asian,Drug A,DRUGA,2023-02-26
STUDY001,SUBJ0739,SITE01,India,APAC,68,YEARS,F,Other,Drug A,DRUGA,2023-04-22
STUDY001,SUBJ0740,SITE01,India,APAC,63,YEARS,F,White,Drug A,DRUGA,2023-01-05
STUDY001,SUBJ0741,SITE14,USA,NA,57,YEARS,F,White,Drug A,DRUGA,2023-06-03
STUDY001,SUBJ0742,SITE04,USA,NA,49,YEARS,M,Asian,Drug A,DRUGA,2023-06-07
STUDY001,SUBJ0743,SITE09,Spain,EU,47,YEARS,M,Other,Drug A,DRUGA,2023-01-13
STUDY001,SUBJ0744,SITE06,USA,NA,65,YEARS,M,Other,Placebo,PLACEB,2023-03-24
STUDY001,SUBJ0745,SITE13,USA,NA,68,YEARS,F,White,Drug A,DRUGA,2023-01-29
STUDY001,SUBJ0746,SITE11,India,APAC,49,YEARS,M,Asian,Drug A,DRUGA,2023-01-03
STUDY001,SUBJ0747,SITE03,Germany,EU,56,YEARS,F,Asian,Placebo,PLACEB,2023-03-31
STUDY001,SUBJ0748,SITE01,India,APAC,41,YEARS,F,Asian,Placebo,PLACEB,2023-04-14
STUDY001,SUBJ0749,SITE04,USA,NA,45,YEARS,M,Asian,Placebo,PLACEB,2023-05-03
STUDY001,SUBJ0750,SITE12,India,APAC,44,YEARS,F,Asian,Placebo,PLACEB,2023-03-17
STUDY001,SUBJ0751,SITE13,USA,NA,67,YEARS,M,Other,Placebo,PLACEB,2023-05-10
STUDY001,SUBJ0752,SITE09,Spain,EU,44,YEARS,M,Asian,Drug A,DRUGA,2023-04-18
STUDY001,SUBJ0753,SITE03,Germany,EU,57,YEARS,M,Asian,Drug A,DRUGA,2023-06-05
STUDY001,SUBJ0754,SITE12,India,APAC,65,YEARS,M,Asian,Placebo,PLACEB,2023-03-23
STUDY001,SUBJ0755,SITE09,Spain,EU,59,YEARS,M,Asian,Placebo,PLACEB,2023-03-18
STUDY001,SUBJ0756,SITE07,India,APAC,66,YEARS,F,Asian,Placebo,PLACEB,2023-01-02
STUDY001,SUBJ0757,SITE12,India,APAC,51,YEARS,F,Asian,Drug A,DRUGA,2023-05-07
STUDY001,SUBJ0758,SITE14,USA,NA,46,YEARS,F,Asian,Placebo,PLACEB,2023-05-15
STUDY001,SUBJ0759,SITE15,India,APAC,42,YEARS,M,White,Placebo,PLACEB,2023-01-26
STUDY001,SUBJ0760,SITE04,USA,NA,49,YEARS,M,Other,Placebo,PLACEB,2023-03-29
STUDY001,SUBJ0761,SITE03,Germany,EU,73,YEARS,M,Asian,Placebo,PLACEB,2023-01-16
STUDY001,SUBJ0762,SITE10,India,APAC,64,YEARS,F,Asian,Placebo,PLACEB,2023-05-31
STUDY001,SUBJ0763,SITE15,India,APAC,74,YEARS,M,Black,Drug A,DRUGA,2023-06-17
STUDY001,SUBJ0764,SITE05,USA,NA,55,YEARS,F,Asian,Drug A,DRUGA,2023-03-14
STUDY001,SUBJ0765,SITE05,USA,NA,41,YEARS,F,Asian,Drug A,DRUGA,2023-02-01
STUDY001,SUBJ0766,SITE03,Germany,EU,63,YEARS,M,Black,Placebo,PLACEB,2023-01-15
STUDY001,SUBJ0767,SITE12,India,APAC,49,YEARS,M,Asian,Drug A,DRUGA,2023-05-21
STUDY001,SUBJ0768,SITE09,Spain,EU,77,YEARS,F,White,Drug A,DRUGA,2023-01-05
STUDY001,SUBJ0769,SITE04,USA,NA,61,YEARS,M,White,Placebo,PLACEB,2023-03-15
STUDY001,SUBJ0770,SITE11,India,APAC,65,YEARS,F,Asian,Drug A,DRUGA,2023-02-21
STUDY001,SUBJ0771,SITE05,USA,NA,78,YEARS,M,Asian,Placebo,PLACEB,2023-03-18
STUDY001,SUBJ0772,SITE04,USA,NA,66,YEARS,M,White,Drug A,DRUGA,2023-06-18
STUDY001,SUBJ0773,SITE05,USA,NA,68,YEARS,F,Asian,Placebo,PLACEB,2023-04-20
STUDY001,SUBJ0774,SITE07,India,APAC,77,YEARS,M,Asian,Drug A,DRUGA,2023-06-27
STUDY001,SUBJ0775,SITE09,Spain,EU,59,YEARS,F,White,Placebo,PLACEB,2023-05-23
STUDY001,SUBJ0776,SITE07,India,APAC,66,YEARS,M,White,Drug A,DRUGA,2023-04-16
STUDY001,SUBJ0777,SITE13,USA,NA,59,YEARS,F,Asian,Drug A,DRUGA,2023-05-07
STUDY001,SUBJ0778,SITE05,USA,NA,58,YEARS,F,Black,Drug A,DRUGA,2023-01-07
STUDY001,SUBJ0779,SITE10,India,APAC,59,YEARS,M,Asian,Placebo,PLACEB,2023-02-09
STUDY001,SUBJ0780,SITE10,India,APAC,74,YEARS,F,Black,Placebo,PLACEB,2023-06-05
STUDY001,SUBJ0781,SITE07,India,APAC,41,YEARS,M,White,Drug A,DRUGA,2023-06-09
STUDY001,SUBJ0782,SITE14,USA,NA,69,YEARS,M,White,Placebo,PLACEB,2023-04-09
STUDY001,SUBJ0783,SITE15,India,APAC,73,YEARS,M,Asian,Placebo,PLACEB,2023-05-23
STUDY001,SUBJ0784,SITE10,India,APAC,61,YEARS,F,Other,Drug A,DRUGA,2023-03-26
STUDY001,SUBJ0785,SITE05,USA,NA,42,YEARS,F,Asian,Drug A,DRUGA,2023-03-06
STUDY001,SUBJ0786,SITE03,Germany,EU,45,YEARS,M,White,Placebo,PLACEB,2023-05-12
STUDY001,SUBJ0787,SITE07,India,APAC,54,YEARS,M,Asian,Placebo,PLACEB,2023-01-11
STUDY001,SUBJ0788,SITE13,USA,NA,66,YEARS,F,Asian,Placebo,PLACEB,2023-04-18
STUDY001,SUBJ0789,SITE11,India,APAC,49,YEARS,M,Asian,Drug A,DRUGA,2023-01-26
STUDY001,SUBJ0790,SITE11,India,APAC,48,YEARS,M,Other,Drug A,DRUGA,2023-06-14
STUDY001,SUBJ0791,SITE02,India,APAC,72,YEARS,F,Other,Drug A,DRUGA,2023-05-31
STUDY001,SUBJ0792,SITE15,India,APAC,71,YEARS,M,Asian,Drug A,DRUGA,2023-03-26
STUDY001,SUBJ0793,SITE12,India,APAC,45,YEARS,F,Asian,Placebo,PLACEB,2023-06-17
STUDY001,SUBJ0794,SITE09,Spain,EU,75,YEARS,M,White,Placebo,PLACEB,2023-05-31
STUDY001,SUBJ0795,SITE10,India,APAC,41,YEARS,F,Asian,Placebo,PLACEB,2023-05-03
STUDY001,SUBJ0796,SITE10,India,APAC,68,YEARS,M,Asian,Placebo,PLACEB,2023-05-24
STUDY001,SUBJ0797,SITE12,India,APAC,43,YEARS,M,White,Drug A,DRUGA,2023-03-09
STUDY001,SUBJ0798,SITE01,India,APAC,40,YEARS,F,White,Drug A,DRUGA,2023-04-14
STUDY001,SUBJ0799,SITE13,USA,NA,58,YEARS,M,Other,Placebo,PLACEB,2023-03-21
STUDY001,SUBJ0800,SITE06,USA,NA,65,YEARS,F,Asian,Placebo,PLACEB,2023-06-08
STUDY001,SUBJ0801,SITE07,India,APAC,64,YEARS,M,Asian,Drug A,DRUGA,2023-02-22
STUDY001,SUBJ0802,SITE14,USA,NA,49,YEARS,F,White,Drug A,DRUGA,2023-04-16
STUDY001,SUBJ0803,SITE13,USA,NA,54,YEARS,F,White,Placebo,PLACEB,2023-06-02
STUDY001,SUBJ0804,SITE08,India,APAC,61,YEARS,F,White,Drug A,DRUGA,2023-02-13
STUDY001,SUBJ0805,SITE10,India,APAC,60,YEARS,F,White,Drug A,DRUGA,2023-05-20
STUDY001,SUBJ0806,SITE09,Spain,EU,61,YEARS,M,Asian,Placebo,PLACEB,2023-03-31
STUDY001,SUBJ0807,SITE02,India,APAC,75,YEARS,M,Black,Drug A,DRUGA,2023-04-11
STUDY001,SUBJ0808,SITE11,India,APAC,73,YEARS,F,Asian,Placebo,PLACEB,2023-04-07
STUDY001,SUBJ0809,SITE10,India,APAC,69,YEARS,F,Asian,Drug A,DRUGA,2023-01-09
STUDY001,SUBJ0810,SITE02,India,APAC,64,YEARS,F,White,Drug A,DRUGA,2023-01-12
STUDY001,SUBJ0811,SITE05,USA,NA,67,YEARS,M,Asian,Drug A,DRUGA,2023-03-10
STUDY001,SUBJ0812,SITE13,USA,NA,40,YEARS,M,Asian,Drug A,DRUGA,2023-01-28
STUDY001,SUBJ0813,SITE05,USA,NA,43,YEARS,M,Black,Placebo,PLACEB,2023-02-25
STUDY001,SUBJ0814,SITE06,USA,NA,46,YEARS,M,Asian,Drug A,DRUGA,2023-04-09
STUDY001,SUBJ0815,SITE03,Germany,EU,48,YEARS,F,White,Drug A,DRUGA,2023-04-20
STUDY001,SUBJ0816,SITE08,India,APAC,75,YEARS,F,Asian,Drug A,DRUGA,2023-03-18
STUDY001,SUBJ0817,SITE13,USA,NA,58,YEARS,F,White,Drug A,DRUGA,2023-04-13
STUDY001,SUBJ0818,SITE01,India,APAC,40,YEARS,M,Asian,Drug A,DRUGA,2023-04-16
STUDY001,SUBJ0819,SITE06,USA,NA,49,YEARS,M,Asian,Drug A,DRUGA,2023-04-19
STUDY001,SUBJ0820,SITE04,USA,NA,75,YEARS,M,Other,Placebo,PLACEB,2023-04-22
STUDY001,SUBJ0821,SITE01,India,APAC,48,YEARS,F,White,Drug A,DRUGA,2023-02-27
STUDY001,SUBJ0822,SITE15,India,APAC,71,YEARS,F,Asian,Drug A,DRUGA,2023-03-19
STUDY001,SUBJ0823,SITE07,India,APAC,71,YEARS,M,Asian,Drug A,DRUGA,2023-03-16
STUDY001,SUBJ0824,SITE09,Spain,EU,45,YEARS,F,Black,Drug A,DRUGA,2023-02-11
STUDY001,SUBJ0825,SITE13,USA,NA,77,YEARS,M,White,Placebo,PLACEB,2023-06-15
STUDY001,SUBJ0826,SITE04,USA,NA,56,YEARS,M,White,Placebo,PLACEB,2023-03-09
STUDY001,SUBJ0827,SITE04,USA,NA,49,YEARS,F,White,Drug A,DRUGA,2023-02-02
STUDY001,SUBJ0828,SITE06,USA,NA,66,YEARS,M,Asian,Drug A,DRUGA,2023-03-12
STUDY001,SUBJ0829,SITE12,India,APAC,74,YEARS,F,Asian,Placebo,PLACEB,2023-02-25
STUDY001,SUBJ0830,SITE15,India,APAC,60,YEARS,M,White,Drug A,DRUGA,2023-04-15
STUDY001,SUBJ0831,SITE03,Germany,EU,64,YEARS,F,Asian,Placebo,PLACEB,2023-04-11
STUDY001,SUBJ0832,SITE13,USA,NA,67,YEARS,F,Asian,Drug A,DRUGA,2023-02-20
STUDY001,SUBJ0833,SITE12,India,APAC,54,YEARS,F,Other,Placebo,PLACEB,2023-03-15
STUDY001,SUBJ0834,SITE06,USA,NA,43,YEARS,M,White,Placebo,PLACEB,2023-06-20
STUDY001,SUBJ0835,SITE07,India,APAC,68,YEARS,M,White,Placebo,PLACEB,2023-05-01
STUDY001,SUBJ0836,SITE11,India,APAC,48,YEARS,F,White,Placebo,PLACEB,2023-05-23
STUDY001,SUBJ0837,SITE10,India,APAC,66,YEARS,F,White,Placebo,PLACEB,2023-06-15
STUDY001,SUBJ0838,SITE10,India,APAC,65,YEARS,M,Asian,Placebo,PLACEB,2023-05-23
STUDY001,SUBJ0839,SITE03,Germany,EU,58,YEARS,M,Asian,Placebo,PLACEB,2023-01-05
STUDY001,SUBJ0840,SITE07,India,APAC,67,YEARS,M,Asian,Drug A,DRUGA,2023-03-24
STUDY001,SUBJ0841,SITE14,USA,NA,56,YEARS,F,Asian,Drug A,DRUGA,2023-02-20
STUDY001,SUBJ0842,SITE03,Germany,EU,59,YEARS,M,White,Placebo,PLACEB,2023-01-10
STUDY001,SUBJ0843,SITE13,USA,NA,79,YEARS,M,Asian,Drug A,DRUGA,2023-05-20
STUDY001,SUBJ0844,SITE13,USA,NA,78,YEARS,F,Asian,Placebo,PLACEB,2023-01-04
STUDY001,SUBJ0845,SITE02,India,APAC,62,YEARS,M,Asian,Drug A,DRUGA,2023-04-05
STUDY001,SUBJ0846,SITE12,India,APAC,71,YEARS,M,Asian,Drug A,DRUGA,2023-05-26
STUDY001,SUBJ0847,SITE14,USA,NA,72,YEARS,M,Asian,Placebo,PLACEB,2023-03-21
STUDY001,SUBJ0848,SITE10,India,APAC,44,YEARS,F,Asian,Placebo,PLACEB,2023-02-05
STUDY001,SUBJ0849,SITE04,USA,NA,73,YEARS,F,Asian,Placebo,PLACEB,2023-01-25
STUDY001,SUBJ0850,SITE12,India,APAC,79,YEARS,F,Asian,Placebo,PLACEB,2023-04-08
STUDY001,SUBJ0851,SITE08,India,APAC,50,YEARS,F,Asian,Drug A,DRUGA,2023-06-13
STUDY001,SUBJ0852,SITE13,USA,NA,42,YEARS,F,White,Placebo,PLACEB,2023-04-11
STUDY001,SUBJ0853,SITE15,India,APAC,72,YEARS,F,Asian,Placebo,PLACEB,2023-01-09
STUDY001,SUBJ0854,SITE09,Spain,EU,50,YEARS,F,Asian,Placebo,PLACEB,2023-03-02
STUDY001,SUBJ0855,SITE07,India,APAC,55,YEARS,M,White,Placebo,PLACEB,2023-02-22
STUDY001,SUBJ0856,SITE01,India,APAC,57,YEARS,M,Asian,Drug A,DRUGA,2023-05-26
STUDY001,SUBJ0857,SITE03,Germany,EU,69,YEARS,F,Black,Placebo,PLACEB,2023-06-20
STUDY001,SUBJ0858,SITE13,USA,NA,49,YEARS,M,White,Drug A,DRUGA,2023-06-12
STUDY001,SUBJ0859,SITE12,India,APAC,57,YEARS,M,Asian,Placebo,PLACEB,2023-03-04
STUDY001,SUBJ0860,SITE14,USA,NA,77,YEARS,F,White,Placebo,PLACEB,2023-05-01
STUDY001,SUBJ0861,SITE09,Spain,EU,58,YEARS,M,Asian,Drug A,DRUGA,2023-04-15
STUDY001,SUBJ0862,SITE15,India,APAC,75,YEARS,M,White,Placebo,PLACEB,2023-01-04
STUDY001,SUBJ0863,SITE12,India,APAC,52,YEARS,M,Asian,Drug A,DRUGA,2023-04-03
STUDY001,SUBJ0864,SITE01,India,APAC,42,YEARS,M,Black,Drug A,DRUGA,2023-06-18
STUDY001,SUBJ0865,SITE09,Spain,EU,49,YEARS,M,Asian,Placebo,PLACEB,2023-06-22
STUDY001,SUBJ0866,SITE08,India,APAC,77,YEARS,F,White,Placebo,PLACEB,2023-06-27
STUDY001,SUBJ0867,SITE01,India,APAC,40,YEARS,F,White,Placebo,PLACEB,2023-01-28
STUDY001,SUBJ0868,SITE06,USA,NA,66,YEARS,F,Asian,Placebo,PLACEB,2023-06-19
STUDY001,SUBJ0869,SITE05,USA,NA,47,YEARS,M,Asian,Placebo,PLACEB,2023-03-21
STUDY001,SUBJ0870,SITE06,USA,NA,56,YEARS,F,White,Placebo,PLACEB,2023-03-17
STUDY001,SUBJ0871,SITE10,India,APAC,48,YEARS,M,Black,Placebo,PLACEB,2023-04-26
STUDY001,SUBJ0872,SITE12,India,APAC,45,YEARS,M,Asian,Drug A,DRUGA,2023-03-10
STUDY001,SUBJ0873,SITE13,USA,NA,64,YEARS,M,White,Drug A,DRUGA,2023-04-08
STUDY001,SUBJ0874,SITE13,USA,NA,78,YEARS,M,Other,Drug A,DRUGA,2023-01-01
STUDY001,SUBJ0875,SITE13,USA,NA,67,YEARS,F,Black,Placebo,PLACEB,2023-06-16
STUDY001,SUBJ0876,SITE15,India,APAC,72,YEARS,F,Asian,Placebo,PLACEB,2023-04-06
STUDY001,SUBJ0877,SITE05,USA,NA,76,YEARS,M,White,Drug A,DRUGA,2023-01-17
STUDY001,SUBJ0878,SITE06,USA,NA,48,YEARS,F,Asian,Drug A,DRUGA,2023-04-22
STUDY001,SUBJ0879,SITE05,USA,NA,57,YEARS,M,Other,Drug A,DRUGA,2023-04-01
STUDY001,SUBJ0880,SITE11,India,APAC,60,YEARS,F,Asian,Placebo,PLACEB,2023-03-29
STUDY001,SUBJ0881,SITE12,India,APAC,41,YEARS,F,Asian,Drug A,DRUGA,2023-06-12
STUDY001,SUBJ0882,SITE05,USA,NA,77,YEARS,M,White,Drug A,DRUGA,2023-06-23
STUDY001,SUBJ0883,SITE04,USA,NA,79,YEARS,F,Asian,Placebo,PLACEB,2023-06-19
STUDY001,SUBJ0884,SITE03,Germany,EU,75,YEARS,M,Other,Placebo,PLACEB,2023-06-16
STUDY001,SUBJ0885,SITE03,Germany,EU,76,YEARS,F,Other,Drug A,DRUGA,2023-03-31
STUDY001,SUBJ0886,SITE04,USA,NA,54,YEARS,M,White,Placebo,PLACEB,2023-02-18
STUDY001,SUBJ0887,SITE09,Spain,EU,67,YEARS,M,Asian,Placebo,PLACEB,2023-02-07
STUDY001,SUBJ0888,SITE02,India,APAC,57,YEARS,F,White,Drug A,DRUGA,2023-05-31
STUDY001,SUBJ0889,SITE15,India,APAC,73,YEARS,F,Asian,Drug A,DRUGA,2023-05-30
STUDY001,SUBJ0890,SITE09,Spain,EU,61,YEARS,M,Asian,Placebo,PLACEB,2023-05-12
STUDY001,SUBJ0891,SITE01,India,APAC,50,YEARS,F,Black,Placebo,PLACEB,2023-06-26
STUDY001,SUBJ0892,SITE14,USA,NA,52,YEARS,F,Asian,Placebo,PLACEB,2023-02-28
STUDY001,SUBJ0893,SITE15,India,APAC,43,YEARS,M,Asian,Drug A,DRUGA,2023-03-09
STUDY001,SUBJ0894,SITE15,India,APAC,61,YEARS,M,Other,Placebo,PLACEB,2023-05-10
STUDY001,SUBJ0895,SITE01,India,APAC,46,YEARS,F,Asian,Drug A,DRUGA,2023-02-18
STUDY001,SUBJ0896,SITE05,USA,NA,63,YEARS,M,Asian,Placebo,PLACEB,2023-05-06
STUDY001,SUBJ0897,SITE06,USA,NA,43,YEARS,M,Other,Placebo,PLACEB,2023-06-08
STUDY001,SUBJ0898,SITE06,USA,NA,67,YEARS,M,Asian,Drug A,DRUGA,2023-04-21
STUDY001,SUBJ0899,SITE03,Germany,EU,54,YEARS,F,White,Drug A,DRUGA,2023-06-17
STUDY001,SUBJ0900,SITE07,India,APAC,40,YEARS,F,Other,Placebo,PLACEB,2023-02-17
STUDY001,SUBJ0901,SITE09,Spain,EU,42,YEARS,M,Other,Placebo,PLACEB,2023-02-20
STUDY001,SUBJ0902,SITE11,India,APAC,53,YEARS,F,White,Drug A,DRUGA,2023-02-12
STUDY001,SUBJ0903,SITE12,India,APAC,77,YEARS,M,Asian,Placebo,PLACEB,2023-04-08
STUDY001,SUBJ0904,SITE10,India,APAC,40,YEARS,F,Asian,Drug A,DRUGA,2023-06-26
STUDY001,SUBJ0905,SITE08,India,APAC,77,YEARS,M,Black,Placebo,PLACEB,2023-05-04
STUDY001,SUBJ0906,SITE06,USA,NA,77,YEARS,M,Black,Drug A,DRUGA,2023-03-21
STUDY001,SUBJ0907,SITE12,India,APAC,60,YEARS,F,White,Drug A,DRUGA,2023-04-21
STUDY001,SUBJ0908,SITE08,India,APAC,68,YEARS,M,Asian,Placebo,PLACEB,2023-05-23
STUDY001,SUBJ0909,SITE12,India,APAC,44,YEARS,F,Asian,Drug A,DRUGA,2023-01-27
STUDY001,SUBJ0910,SITE05,USA,NA,49,YEARS,F,Asian,Placebo,PLACEB,2023-06-07
STUDY001,SUBJ0911,SITE08,India,APAC,67,YEARS,M,White,Placebo,PLACEB,2023-06-13
STUDY001,SUBJ0912,SITE10,India,APAC,60,YEARS,M,Asian,Drug A,DRUGA,2023-04-23
STUDY001,SUBJ0913,SITE12,India,APAC,46,YEARS,F,Other,Placebo,PLACEB,2023-03-27
STUDY001,SUBJ0914,SITE04,USA,NA,42,YEARS,M,White,Drug A,DRUGA,2023-04-24
STUDY001,SUBJ0915,SITE10,India,APAC,59,YEARS,M,Asian,Placebo,PLACEB,2023-05-04
STUDY001,SUBJ0916,SITE08,India,APAC,58,YEARS,M,White,Placebo,PLACEB,2023-02-18
STUDY001,SUBJ0917,SITE10,India,APAC,74,YEARS,M,Asian,Placebo,PLACEB,2023-03-17
STUDY001,SUBJ0918,SITE12,India,APAC,43,YEARS,M,White,Placebo,PLACEB,2023-02-24
STUDY001,SUBJ0919,SITE02,India,APAC,44,YEARS,F,White,Placebo,PLACEB,2023-02-25
STUDY001,SUBJ0920,SITE12,India,APAC,40,YEARS,F,Black,Drug A,DRUGA,2023-04-05
STUDY001,SUBJ0921,SITE12,India,APAC,43,YEARS,M,Black,Drug A,DRUGA,2023-02-13
STUDY001,SUBJ0922,SITE05,USA,NA,51,YEARS,M,Asian,Drug A,DRUGA,2023-06-08
STUDY001,SUBJ0923,SITE09,Spain,EU,66,YEARS,M,Asian,Placebo,PLACEB,2023-03-28
STUDY001,SUBJ0924,SITE04,USA,NA,62,YEARS,F,White,Placebo,PLACEB,2023-03-25
STUDY001,SUBJ0925,SITE11,India,APAC,64,YEARS,M,Asian,Placebo,PLACEB,2023-05-31
STUDY001,SUBJ0926,SITE06,USA,NA,60,YEARS,F,Asian,Placebo,PLACEB,2023-06-05
STUDY001,SUBJ0927,SITE15,India,APAC,63,YEARS,F,Asian,Drug A,DRUGA,2023-01-16
STUDY001,SUBJ0928,SITE01,India,APAC,64,YEARS,F,White,Placebo,PLACEB,2023-06-14
STUDY001,SUBJ0929,SITE09,Spain,EU,71,YEARS,M,Asian,Placebo,PLACEB,2023-05-29
STUDY001,SUBJ0930,SITE01,India,APAC,71,YEARS,F,White,Drug A,DRUGA,2023-05-25
STUDY001,SUBJ0931,SITE05,USA,NA,44,YEARS,M,Other,Placebo,PLACEB,2023-02-06
STUDY001,SUBJ0932,SITE04,USA,NA,75,YEARS,F,Asian,Placebo,PLACEB,2023-03-18
STUDY001,SUBJ0933,SITE13,USA,NA,78,YEARS,M,Asian,Placebo,PLACEB,2023-05-27
STUDY001,SUBJ0934,SITE12,India,APAC,55,YEARS,F,Asian,Placebo,PLACEB,2023-06-07
STUDY001,SUBJ0935,SITE13,USA,NA,72,YEARS,M,Black,Drug A,DRUGA,2023-02-14
STUDY001,SUBJ0936,SITE13,USA,NA,60,YEARS,F,Asian,Placebo,PLACEB,2023-05-26
STUDY001,SUBJ0937,SITE14,USA,NA,48,YEARS,M,Asian,Placebo,PLACEB,2023-03-03
STUDY001,SUBJ0938,SITE03,Germany,EU,45,YEARS,M,Asian,Placebo,PLACEB,2023-06-13
STUDY001,SUBJ0939,SITE13,USA,NA,74,YEARS,M,White,Placebo,PLACEB,2023-04-10
STUDY001,SUBJ0940,SITE06,USA,NA,78,YEARS,M,Asian,Placebo,PLACEB,2023-02-21
STUDY001,SUBJ0941,SITE02,India,APAC,61,YEARS,F,White,Drug A,DRUGA,2023-01-19
STUDY001,SUBJ0942,SITE03,Germany,EU,44,YEARS,F,Other,Drug A,DRUGA,2023-04-19
STUDY001,SUBJ0943,SITE05,USA,NA,62,YEARS,M,Asian,Drug A,DRUGA,2023-02-13
STUDY001,SUBJ0944,SITE15,India,APAC,56,YEARS,F,Black,Placebo,PLACEB,2023-01-07
STUDY001,SUBJ0945,SITE09,Spain,EU,51,YEARS,M,Asian,Drug A,DRUGA,2023-06-21
STUDY001,SUBJ0946,SITE02,India,APAC,62,YEARS,M,Black,Drug A,DRUGA,2023-04-27
STUDY001,SUBJ0947,SITE10,India,APAC,55,YEARS,F,White,Placebo,PLACEB,2023-03-09
STUDY001,SUBJ0948,SITE08,India,APAC,42,YEARS,M,Black,Drug A,DRUGA,2023-02-03
STUDY001,SUBJ0949,SITE14,USA,NA,69,YEARS,M,Asian,Placebo,PLACEB,2023-03-10
STUDY001,SUBJ0950,SITE02,India,APAC,61,YEARS,F,Asian,Placebo,PLACEB,2023-02-24
STUDY001,SUBJ0951,SITE11,India,APAC,48,YEARS,M,Asian,Drug A,DRUGA,2023-01-10
STUDY001,SUBJ0952,SITE13,USA,NA,68,YEARS,M,Asian,Placebo,PLACEB,2023-02-11
STUDY001,SUBJ0953,SITE05,USA,NA,76,YEARS,M,Asian,Drug A,DRUGA,2023-02-10
STUDY001,SUBJ0954,SITE07,India,APAC,62,YEARS,M,Asian,Placebo,PLACEB,2023-05-02
STUDY001,SUBJ0955,SITE08,India,APAC,52,YEARS,F,Asian,Drug A,DRUGA,2023-05-18
STUDY001,SUBJ0956,SITE01,India,APAC,71,YEARS,F,Asian,Drug A,DRUGA,2023-01-10
STUDY001,SUBJ0957,SITE06,USA,NA,62,YEARS,F,Black,Drug A,DRUGA,2023-04-12
STUDY001,SUBJ0958,SITE01,India,APAC,56,YEARS,M,Asian,Placebo,PLACEB,2023-05-08
STUDY001,SUBJ0959,SITE02,India,APAC,79,YEARS,M,Asian,Placebo,PLACEB,2023-06-28
STUDY001,SUBJ0960,SITE15,India,APAC,60,YEARS,F,Asian,Placebo,PLACEB,2023-05-29
STUDY001,SUBJ0961,SITE01,India,APAC,41,YEARS,M,Asian,Placebo,PLACEB,2023-05-16
STUDY001,SUBJ0962,SITE11,India,APAC,76,YEARS,M,Other,Placebo,PLACEB,2023-04-02
STUDY001,SUBJ0963,SITE05,USA,NA,45,YEARS,M,Asian,Drug A,DRUGA,2023-04-23
STUDY001,SUBJ0964,SITE10,India,APAC,57,YEARS,M,White,Drug A,DRUGA,2023-03-19
STUDY001,SUBJ0965,SITE15,India,APAC,69,YEARS,F,Other,Drug A,DRUGA,2023-03-26
STUDY001,SUBJ0966,SITE09,Spain,EU,61,YEARS,F,Black,Placebo,PLACEB,2023-01-30
STUDY001,SUBJ0967,SITE06,USA,NA,72,YEARS,F,White,Placebo,PLACEB,2023-02-18
STUDY001,SUBJ0968,SITE11,India,APAC,69,YEARS,M,Black,Placebo,PLACEB,2023-01-09
STUDY001,SUBJ0969,SITE11,India,APAC,56,YEARS,F,Other,Drug A,DRUGA,2023-05-25
STUDY001,SUBJ0970,SITE01,India,APAC,71,YEARS,F,White,Drug A,DRUGA,2023-03-10
STUDY001,SUBJ0971,SITE13,USA,NA,53,YEARS,M,White,Drug A,DRUGA,2023-02-27
STUDY001,SUBJ0972,SITE01,India,APAC,49,YEARS,M,White,Drug A,DRUGA,2023-03-03
STUDY001,SUBJ0973,SITE02,India,APAC,75,YEARS,F,White,Drug A,DRUGA,2023-02-21
STUDY001,SUBJ0974,SITE09,Spain,EU,73,YEARS,F,White,Placebo,PLACEB,2023-02-09
STUDY001,SUBJ0975,SITE03,Germany,EU,48,YEARS,F,Asian,Placebo,PLACEB,2023-06-15
STUDY001,SUBJ0976,SITE15,India,APAC,67,YEARS,F,Asian,Drug A,DRUGA,2023-06-20
STUDY001,SUBJ0977,SITE01,India,APAC,50,YEARS,M,Asian,Placebo,PLACEB,2023-03-04
STUDY001,SUBJ0978,SITE05,USA,NA,53,YEARS,F,Asian,Placebo,PLACEB,2023-05-27
STUDY001,SUBJ0979,SITE07,India,APAC,78,YEARS,F,Asian,Drug A,DRUGA,2023-02-19
STUDY001,SUBJ0980,SITE06,USA,NA,58,YEARS,M,Asian,Drug A,DRUGA,2023-06-10
STUDY001,SUBJ0981,SITE12,India,APAC,54,YEARS,F,White,Drug A,DRUGA,2023-05-21
STUDY001,SUBJ0982,SITE01,India,APAC,67,YEARS,M,Asian,Drug A,DRUGA,2023-03-19
STUDY001,SUBJ0983,SITE05,USA,NA,63,YEARS,M,Black,Drug A,DRUGA,2023-04-07
STUDY001,SUBJ0984,SITE15,India,APAC,47,YEARS,M,Asian,Placebo,PLACEB,2023-02-12
STUDY001,SUBJ0985,SITE05,USA,NA,48,YEARS,F,Asian,Placebo,PLACEB,2023-06-26
STUDY001,SUBJ0986,SITE06,USA,NA,72,YEARS,F,White,Drug A,DRUGA,2023-02-05
STUDY001,SUBJ0987,SITE03,Germany,EU,72,YEARS,M,White,Drug A,DRUGA,2023-05-02
STUDY001,SUBJ0988,SITE05,USA,NA,58,YEARS,F,Asian,Placebo,PLACEB,2023-04-18
STUDY001,SUBJ0989,SITE07,India,APAC,42,YEARS,F,Black,Drug A,DRUGA,2023-01-10
STUDY001,SUBJ0990,SITE05,USA,NA,49,YEARS,M,Black,Placebo,PLACEB,2023-04-05
STUDY001,SUBJ0991,SITE05,USA,NA,79,YEARS,M,Asian,Placebo,PLACEB,2023-01-06
STUDY001,SUBJ0992,SITE05,USA,NA,40,YEARS,F,Asian,Drug A,DRUGA,2023-02-26
STUDY001,SUBJ0993,SITE10,India,APAC,68,YEARS,M,Other,Placebo,PLACEB,2023-05-09
STUDY001,SUBJ0994,SITE10,India,APAC,73,YEARS,F,White,Placebo,PLACEB,2023-03-12
STUDY001,SUBJ0995,SITE03,Germany,EU,52,YEARS,F,White,Placebo,PLACEB,2023-01-21
STUDY001,SUBJ0996,SITE01,India,APAC,40,YEARS,F,Black,Drug A,DRUGA,2023-04-02
STUDY001,SUBJ0997,SITE05,USA,NA,73,YEARS,F,Asian,Placebo,PLACEB,2023-05-07
STUDY001,SUBJ0998,SITE14,USA,NA,68,YEARS,M,Asian,Drug A,DRUGA,2023-03-21
STUDY001,SUBJ0999,SITE09,Spain,EU,52,YEARS,M,Asian,Drug A,DRUGA,2023-02-25
STUDY001,SUBJ1000,SITE14,USA,NA,68,YEARS,M,White,Placebo,PLACEB,2023-04-26
STUDY001,SUBJ1001,SITE01,India,APAC,78,YEARS,M,White,Drug A,DRUGA,2023-05-28
STUDY001,SUBJ1002,SITE03,Germany,EU,63,YEARS,F,White,Placebo,PLACEB,2023-01-25
STUDY001,SUBJ1003,SITE13,USA,NA,65,YEARS,F,Asian,Drug A,DRUGA,2023-06-05
STUDY001,SUBJ1004,SITE13,USA,NA,56,YEARS,M,Asian,Drug A,DRUGA,2023-01-05
STUDY001,SUBJ1005,SITE04,USA,NA,46,YEARS,F,Asian,Drug A,DRUGA,2023-04-30
STUDY001,SUBJ1006,SITE14,USA,NA,52,YEARS,F,White,Placebo,PLACEB,2023-01-21
STUDY001,SUBJ1007,SITE01,India,APAC,44,YEARS,F,White,Placebo,PLACEB,2023-01-18
STUDY001,SUBJ1008,SITE01,India,APAC,65,YEARS,M,Asian,Placebo,PLACEB,2023-06-24
STUDY001,SUBJ1009,SITE08,India,APAC,42,YEARS,M,Black,Placebo,PLACEB,2023-02-26
STUDY001,SUBJ1010,SITE02,India,APAC,46,YEARS,M,Asian,Drug A,DRUGA,2023-04-03
STUDY001,SUBJ1011,SITE12,India,APAC,78,YEARS,F,Other,Placebo,PLACEB,2023-01-19
STUDY001,SUBJ1012,SITE15,India,APAC,40,YEARS,M,Asian,Drug A,DRUGA,2023-05-08
STUDY001,SUBJ1013,SITE08,India,APAC,56,YEARS,M,White,Placebo,PLACEB,2023-04-07
STUDY001,SUBJ1014,SITE07,India,APAC,64,YEARS,M,Asian,Placebo,PLACEB,2023-05-11
STUDY001,SUBJ1015,SITE10,India,APAC,42,YEARS,M,Other,Drug A,DRUGA,2023-06-19
STUDY001,SUBJ1016,SITE10,India,APAC,54,YEARS,M,Asian,Placebo,PLACEB,2023-01-21
STUDY001,SUBJ1017,SITE02,India,APAC,68,YEARS,M,Asian,Drug A,DRUGA,2023-02-09
STUDY001,SUBJ1018,SITE06,USA,NA,71,YEARS,F,Asian,Drug A,DRUGA,2023-03-08
STUDY001,SUBJ1019,SITE06,USA,NA,65,YEARS,F,Asian,Drug A,DRUGA,2023-06-02
STUDY001,SUBJ1020,SITE03,Germany,EU,55,YEARS,M,Asian,Placebo,PLACEB,2023-05-07
STUDY001,SUBJ1021,SITE11,India,APAC,64,YEARS,M,Other,Drug A,DRUGA,2023-02-24
STUDY001,SUBJ1022,SITE02,India,APAC,67,YEARS,F,Asian,Drug A,DRUGA,2023-06-29
STUDY001,SUBJ1023,SITE12,India,APAC,48,YEARS,F,White,Drug A,DRUGA,2023-06-21
STUDY001,SUBJ1024,SITE01,India,APAC,40,YEARS,M,White,Placebo,PLACEB,2023-04-19
STUDY001,SUBJ1025,SITE06,USA,NA,68,YEARS,M,White,Drug A,DRUGA,2023-04-08
STUDY001,SUBJ1026,SITE12,India,APAC,61,YEARS,M,Asian,Drug A,DRUGA,2023-04-22
STUDY001,SUBJ1027,SITE05,USA,NA,55,YEARS,M,Asian,Drug A,DRUGA,2023-04-25
STUDY001,SUBJ1028,SITE14,USA,NA,46,YEARS,F,White,Placebo,PLACEB,2023-04-27
STUDY001,SUBJ1029,SITE14,USA,NA,53,YEARS,M,Other,Placebo,PLACEB,2023-03-28
STUDY001,SUBJ1030,SITE11,India,APAC,68,YEARS,M,Asian,Drug A,DRUGA,2023-03-22
STUDY001,SUBJ1031,SITE09,Spain,EU,58,YEARS,M,Asian,Placebo,PLACEB,2023-03-07
STUDY001,SUBJ1032,SITE01,India,APAC,58,YEARS,M,Asian,Drug A,DRUGA,2023-01-19
STUDY001,SUBJ1033,SITE15,India,APAC,41,YEARS,F,Other,Placebo,PLACEB,2023-05-15
STUDY001,SUBJ1034,SITE15,India,APAC,54,YEARS,F,Asian,Drug A,DRUGA,2023-04-28
STUDY001,SUBJ1035,SITE07,India,APAC,42,YEARS,F,Asian,Placebo,PLACEB,2023-02-11
STUDY001,SUBJ1036,SITE15,India,APAC,50,YEARS,M,Black,Placebo,PLACEB,2023-02-11
STUDY001,SUBJ1037,SITE05,USA,NA,69,YEARS,M,Asian,Drug A,DRUGA,2023-02-28
STUDY001,SUBJ1038,SITE05,USA,NA,79,YEARS,F,Asian,Drug A,DRUGA,2023-01-20
STUDY001,SUBJ1039,SITE14,USA,NA,57,YEARS,M,White,Drug A,DRUGA,2023-03-14
STUDY001,SUBJ1040,SITE02,India,APAC,41,YEARS,M,Other,Placebo,PLACEB,2023-01-17
STUDY001,SUBJ1041,SITE11,India,APAC,71,YEARS,F,Asian,Drug A,DRUGA,2023-01-27
STUDY001,SUBJ1042,SITE03,Germany,EU,47,YEARS,F,Asian,Drug A,DRUGA,2023-06-24
STUDY001,SUBJ1043,SITE07,India,APAC,61,YEARS,F,Asian,Drug A,DRUGA,2023-01-02
STUDY001,SUBJ1044,SITE06,USA,NA,45,YEARS,F,Asian,Placebo,PLACEB,2023-03-04
STUDY001,SUBJ1045,SITE12,India,APAC,51,YEARS,M,White,Drug A,DRUGA,2023-03-03
STUDY001,SUBJ1046,SITE02,India,APAC,79,YEARS,M,Asian,Drug A,DRUGA,2023-04-10
STUDY001,SUBJ1047,SITE06,USA,NA,75,YEARS,F,Asian,Drug A,DRUGA,2023-01-19
STUDY001,SUBJ1048,SITE02,India,APAC,54,YEARS,M,Asian,Placebo,PLACEB,2023-01-17
STUDY001,SUBJ1049,SITE02,India,APAC,67,YEARS,F,White,Drug A,DRUGA,2023-03-10
STUDY001,SUBJ1050,SITE02,India,APAC,57,YEARS,F,White,Drug A,DRUGA,2023-06-16
STUDY001,SUBJ1051,SITE14,USA,NA,41,YEARS,M,Black,Placebo,PLACEB,2023-04-27
STUDY001,SUBJ1052,SITE15,India,APAC,52,YEARS,F,Asian,Placebo,PLACEB,2023-03-22
STUDY001,SUBJ1053,SITE11,India,APAC,54,YEARS,M,Black,Placebo,PLACEB,2023-02-08
STUDY001,SUBJ1054,SITE03,Germany,EU,59,YEARS,M,Black,Placebo,PLACEB,2023-02-05
STUDY001,SUBJ1055,SITE15,India,APAC,68,YEARS,M,Asian,Placebo,PLACEB,2023-06-17
STUDY001,SUBJ1056,SITE02,India,APAC,68,YEARS,M,Asian,Drug A,DRUGA,2023-06-22
STUDY001,SUBJ1057,SITE04,USA,NA,42,YEARS,F,Asian,Drug A,DRUGA,2023-05-12
STUDY001,SUBJ1058,SITE09,Spain,EU,58,YEARS,M,Asian,Drug A,DRUGA,2023-06-02
STUDY001,SUBJ1059,SITE06,USA,NA,42,YEARS,F,Asian,Drug A,DRUGA,2023-06-07
STUDY001,SUBJ1060,SITE01,India,APAC,53,YEARS,F,Asian,Placebo,PLACEB,2023-01-29
STUDY001,SUBJ1061,SITE08,India,APAC,79,YEARS,F,Asian,Placebo,PLACEB,2023-02-20
STUDY001,SUBJ1062,SITE15,India,APAC,43,YEARS,F,Black,Drug A,DRUGA,2023-06-01
STUDY001,SUBJ1063,SITE12,India,APAC,50,YEARS,M,Asian,Placebo,PLACEB,2023-01-14
STUDY001,SUBJ1064,SITE14,USA,NA,70,YEARS,M,Black,Placebo,PLACEB,2023-03-10
STUDY001,SUBJ1065,SITE07,India,APAC,71,YEARS,F,White,Placebo,PLACEB,2023-05-26
STUDY001,SUBJ1066,SITE10,India,APAC,66,YEARS,F,Black,Placebo,PLACEB,2023-06-19
STUDY001,SUBJ1067,SITE03,Germany,EU,69,YEARS,M,White,Drug A,DRUGA,2023-02-26
STUDY001,SUBJ1068,SITE01,India,APAC,41,YEARS,F,Asian,Placebo,PLACEB,2023-01-12
STUDY001,SUBJ1069,SITE05,USA,NA,48,YEARS,M,White,Placebo,PLACEB,2023-01-17
STUDY001,SUBJ1070,SITE13,USA,NA,67,YEARS,F,Asian,Placebo,PLACEB,2023-01-30
STUDY001,SUBJ1071,SITE04,USA,NA,70,YEARS,M,Asian,Drug A,DRUGA,2023-03-29
STUDY001,SUBJ1072,SITE10,India,APAC,73,YEARS,F,Other,Placebo,PLACEB,2023-04-09
STUDY001,SUBJ1073,SITE08,India,APAC,54,YEARS,F,Asian,Drug A,DRUGA,2023-01-23
STUDY001,SUBJ1074,SITE01,India,APAC,64,YEARS,M,Asian,Placebo,PLACEB,2023-05-09
STUDY001,SUBJ1075,SITE10,India,APAC,75,YEARS,F,White,Placebo,PLACEB,2023-03-20
STUDY001,SUBJ1076,SITE01,India,APAC,47,YEARS,F,Black,Drug A,DRUGA,2023-02-01
STUDY001,SUBJ1077,SITE12,India,APAC,48,YEARS,M,White,Placebo,PLACEB,2023-01-09
STUDY001,SUBJ1078,SITE04,USA,NA,76,YEARS,F,Asian,Placebo,PLACEB,2023-01-15
STUDY001,SUBJ1079,SITE08,India,APAC,78,YEARS,M,White,Placebo,PLACEB,2023-06-05
STUDY001,SUBJ1080,SITE05,USA,NA,71,YEARS,M,Asian,Drug A,DRUGA,2023-06-01
STUDY001,SUBJ1081,SITE02,India,APAC,56,YEARS,F,White,Placebo,PLACEB,2023-06-12
STUDY001,SUBJ1082,SITE06,USA,NA,74,YEARS,F,Other,Drug A,DRUGA,2023-01-27
STUDY001,SUBJ1083,SITE05,USA,NA,76,YEARS,F,White,Placebo,PLACEB,2023-04-19
STUDY001,SUBJ1084,SITE02,India,APAC,58,YEARS,F,Black,Placebo,PLACEB,2023-03-17
STUDY001,SUBJ1085,SITE13,USA,NA,68,YEARS,F,Asian,Placebo,PLACEB,2023-05-28
STUDY001,SUBJ1086,SITE14,USA,NA,46,YEARS,F,White,Drug A,DRUGA,2023-03-06
STUDY001,SUBJ1087,SITE11,India,APAC,67,YEARS,F,Black,Placebo,PLACEB,2023-06-26
STUDY001,SUBJ1088,SITE11,India,APAC,48,YEARS,M,Asian,Placebo,PLACEB,2023-04-19
STUDY001,SUBJ1089,SITE11,India,APAC,67,YEARS,F,Black,Placebo,PLACEB,2023-05-09
STUDY001,SUBJ1090,SITE03,Germany,EU,45,YEARS,M,Asian,Placebo,PLACEB,2023-01-10
STUDY001,SUBJ1091,SITE15,India,APAC,68,YEARS,F,White,Placebo,PLACEB,2023-02-16
STUDY001,SUBJ1092,SITE09,Spain,EU,56,YEARS,F,Black,Drug A,DRUGA,2023-05-03
STUDY001,SUBJ1093,SITE07,India,APAC,55,YEARS,M,White,Placebo,PLACEB,2023-02-28
STUDY001,SUBJ1094,SITE07,India,APAC,62,YEARS,F,Asian,Placebo,PLACEB,2023-04-06
STUDY001,SUBJ1095,SITE15,India,APAC,70,YEARS,F,White,Drug A,DRUGA,2023-04-13
STUDY001,SUBJ1096,SITE11,India,APAC,42,YEARS,M,White,Placebo,PLACEB,2023-05-04
STUDY001,SUBJ1097,SITE06,USA,NA,60,YEARS,F,Other,Placebo,PLACEB,2023-03-27
STUDY001,SUBJ1098,SITE08,India,APAC,65,YEARS,F,Asian,Placebo,PLACEB,2023-05-26
STUDY001,SUBJ1099,SITE04,USA,NA,75,YEARS,F,Asian,Drug A,DRUGA,2023-04-22
STUDY001,SUBJ1100,SITE08,India,APAC,76,YEARS,M,White,Placebo,PLACEB,2023-06-23
STUDY001,SUBJ1101,SITE04,USA,NA,61,YEARS,F,Asian,Placebo,PLACEB,2023-06-09
STUDY001,SUBJ1102,SITE08,India,APAC,51,YEARS,F,White,Placebo,PLACEB,2023-01-27
STUDY001,SUBJ1103,SITE09,Spain,EU,52,YEARS,F,White,Drug A,DRUGA,2023-01-18
STUDY001,SUBJ1104,SITE03,Germany,EU,50,YEARS,F,Black,Placebo,PLACEB,2023-06-16
STUDY001,SUBJ1105,SITE03,Germany,EU,55,YEARS,M,White,Drug A,DRUGA,2023-06-26
STUDY001,SUBJ1106,SITE11,India,APAC,47,YEARS,M,White,Drug A,DRUGA,2023-03-23
STUDY001,SUBJ1107,SITE13,USA,NA,79,YEARS,F,Asian,Drug A,DRUGA,2023-06-21
STUDY001,SUBJ1108,SITE02,India,APAC,79,YEARS,F,Asian,Placebo,PLACEB,2023-03-13
STUDY001,SUBJ1109,SITE13,USA,NA,41,YEARS,M,Asian,Placebo,PLACEB,2023-02-23
STUDY001,SUBJ1110,SITE10,India,APAC,69,YEARS,M,Asian,Placebo,PLACEB,2023-06-11
STUDY001,SUBJ1111,SITE03,Germany,EU,69,YEARS,F,White,Placebo,PLACEB,2023-03-12
STUDY001,SUBJ1112,SITE03,Germany,EU,51,YEARS,M,White,Placebo,PLACEB,2023-06-13
STUDY001,SUBJ1113,SITE05,USA,NA,49,YEARS,F,White,Drug A,DRUGA,2023-05-26
STUDY001,SUBJ1114,SITE05,USA,NA,50,YEARS,M,Black,Placebo,PLACEB,2023-02-07
STUDY001,SUBJ1115,SITE02,India,APAC,54,YEARS,M,Other,Placebo,PLACEB,2023-05-17
STUDY001,SUBJ1116,SITE12,India,APAC,55,YEARS,M,Black,Drug A,DRUGA,2023-06-28
STUDY001,SUBJ1117,SITE10,India,APAC,56,YEARS,M,White,Drug A,DRUGA,2023-02-04
STUDY001,SUBJ1118,SITE13,USA,NA,65,YEARS,F,White,Placebo,PLACEB,2023-03-23
STUDY001,SUBJ1119,SITE06,USA,NA,41,YEARS,M,Asian,Drug A,DRUGA,2023-05-13
STUDY001,SUBJ1120,SITE05,USA,NA,51,YEARS,M,Asian,Placebo,PLACEB,2023-05-22
STUDY001,SUBJ1121,SITE06,USA,NA,65,YEARS,F,Asian,Drug A,DRUGA,2023-06-07
STUDY001,SUBJ1122,SITE01,India,APAC,62,YEARS,M,Other,Drug A,DRUGA,2023-01-04
STUDY001,SUBJ1123,SITE05,USA,NA,57,YEARS,M,Black,Drug A,DRUGA,2023-06-16
STUDY001,SUBJ1124,SITE09,Spain,EU,71,YEARS,F,Asian,Drug A,DRUGA,2023-06-02
STUDY001,SUBJ1125,SITE12,India,APAC,77,YEARS,M,Asian,Placebo,PLACEB,2023-06-05
STUDY001,SUBJ1126,SITE10,India,APAC,42,YEARS,F,Black,Placebo,PLACEB,2023-05-30
STUDY001,SUBJ1127,SITE14,USA,NA,77,YEARS,F,Asian,Drug A,DRUGA,2023-06-08
STUDY001,SUBJ1128,SITE02,India,APAC,42,YEARS,F,Asian,Placebo,PLACEB,2023-01-23
STUDY001,SUBJ1129,SITE01,India,APAC,69,YEARS,F,Black,Drug A,DRUGA,2023-02-17
STUDY001,SUBJ1130,SITE14,USA,NA,40,YEARS,M,Asian,Placebo,PLACEB,2023-05-28
STUDY001,SUBJ1131,SITE10,India,APAC,69,YEARS,F,Asian,Placebo,PLACEB,2023-05-05
STUDY001,SUBJ1132,SITE13,USA,NA,71,YEARS,M,White,Placebo,PLACEB,2023-06-15
STUDY001,SUBJ1133,SITE11,India,APAC,67,YEARS,M,Black,Placebo,PLACEB,2023-02-24
STUDY001,SUBJ1134,SITE09,Spain,EU,60,YEARS,M,White,Drug A,DRUGA,2023-03-09
STUDY001,SUBJ1135,SITE10,India,APAC,52,YEARS,M,Asian,Drug A,DRUGA,2023-03-29
STUDY001,SUBJ1136,SITE09,Spain,EU,66,YEARS,M,Asian,Drug A,DRUGA,2023-01-01
STUDY001,SUBJ1137,SITE15,India,APAC,75,YEARS,M,Asian,Drug A,DRUGA,2023-05-15
STUDY001,SUBJ1138,SITE09,Spain,EU,46,YEARS,M,White,Drug A,DRUGA,2023-04-05
STUDY001,SUBJ1139,SITE06,USA,NA,61,YEARS,M,White,Drug A,DRUGA,2023-05-20
STUDY001,SUBJ1140,SITE15,India,APAC,49,YEARS,M,Asian,Placebo,PLACEB,2023-04-16
STUDY001,SUBJ1141,SITE08,India,APAC,78,YEARS,M,Black,Drug A,DRUGA,2023-05-13
STUDY001,SUBJ1142,SITE14,USA,NA,54,YEARS,F,Asian,Placebo,PLACEB,2023-04-18
STUDY001,SUBJ1143,SITE11,India,APAC,54,YEARS,F,Asian,Placebo,PLACEB,2023-06-27
STUDY001,SUBJ1144,SITE15,India,APAC,43,YEARS,F,Asian,Drug A,DRUGA,2023-02-11
STUDY001,SUBJ1145,SITE13,USA,NA,71,YEARS,M,Asian,Placebo,PLACEB,2023-04-12
STUDY001,SUBJ1146,SITE01,India,APAC,62,YEARS,F,White,Placebo,PLACEB,2023-05-04
STUDY001,SUBJ1147,SITE10,India,APAC,45,YEARS,F,White,Placebo,PLACEB,2023-05-20
STUDY001,SUBJ1148,SITE04,USA,NA,63,YEARS,F,Asian,Placebo,PLACEB,2023-04-13
STUDY001,SUBJ1149,SITE01,India,APAC,59,YEARS,M,White,Drug A,DRUGA,2023-05-26
STUDY001,SUBJ1150,SITE08,India,APAC,76,YEARS,M,Asian,Placebo,PLACEB,2023-03-15
STUDY001,SUBJ1151,SITE01,India,APAC,59,YEARS,M,White,Placebo,PLACEB,2023-04-18
STUDY001,SUBJ1152,SITE03,Germany,EU,51,YEARS,M,Other,Placebo,PLACEB,2023-05-02
STUDY001,SUBJ1153,SITE13,USA,NA,72,YEARS,F,Asian,Placebo,PLACEB,2023-01-17
STUDY001,SUBJ1154,SITE04,USA,NA,67,YEARS,F,White,Drug A,DRUGA,2023-03-12
STUDY001,SUBJ1155,SITE15,India,APAC,47,YEARS,F,Asian,Placebo,PLACEB,2023-03-03
STUDY001,SUBJ1156,SITE15,India,APAC,40,YEARS,F,Asian,Drug A,DRUGA,2023-02-10
STUDY001,SUBJ1157,SITE15,India,APAC,76,YEARS,M,Asian,Drug A,DRUGA,2023-04-29
STUDY001,SUBJ1158,SITE08,India,APAC,61,YEARS,M,White,Drug A,DRUGA,2023-06-11
STUDY001,SUBJ1159,SITE06,USA,NA,45,YEARS,M,White,Drug A,DRUGA,2023-02-14
STUDY001,SUBJ1160,SITE14,USA,NA,60,YEARS,F,Asian,Drug A,DRUGA,2023-02-27
STUDY001,SUBJ1161,SITE10,India,APAC,71,YEARS,M,Black,Placebo,PLACEB,2023-06-28
STUDY001,SUBJ1162,SITE12,India,APAC,74,YEARS,M,White,Placebo,PLACEB,2023-05-06
STUDY001,SUBJ1163,SITE07,India,APAC,54,YEARS,F,Black,Placebo,PLACEB,2023-06-11
STUDY001,SUBJ1164,SITE14,USA,NA,44,YEARS,F,White,Drug A,DRUGA,2023-02-13
STUDY001,SUBJ1165,SITE08,India,APAC,45,YEARS,M,White,Placebo,PLACEB,2023-01-15
STUDY001,SUBJ1166,SITE02,India,APAC,64,YEARS,M,Asian,Placebo,PLACEB,2023-03-19
STUDY001,SUBJ1167,SITE13,USA,NA,79,YEARS,M,Asian,Placebo,PLACEB,2023-03-11
STUDY001,SUBJ1168,SITE10,India,APAC,68,YEARS,M,Other,Placebo,PLACEB,2023-06-27
STUDY001,SUBJ1169,SITE14,USA,NA,46,YEARS,M,Asian,Placebo,PLACEB,2023-04-11
STUDY001,SUBJ1170,SITE11,India,APAC,79,YEARS,M,Other,Drug A,DRUGA,2023-06-09
STUDY001,SUBJ1171,SITE08,India,APAC,52,YEARS,F,White,Placebo,PLACEB,2023-01-03
STUDY001,SUBJ1172,SITE03,Germany,EU,77,YEARS,F,Asian,Drug A,DRUGA,2023-03-27
STUDY001,SUBJ1173,SITE07,India,APAC,57,YEARS,F,Asian,Drug A,DRUGA,2023-03-15
STUDY001,SUBJ1174,SITE03,Germany,EU,41,YEARS,M,Asian,Placebo,PLACEB,2023-02-20
STUDY001,SUBJ1175,SITE15,India,APAC,47,YEARS,F,Other,Placebo,PLACEB,2023-03-08
STUDY001,SUBJ1176,SITE07,India,APAC,50,YEARS,M,Asian,Placebo,PLACEB,2023-03-17
STUDY001,SUBJ1177,SITE14,USA,NA,72,YEARS,M,Asian,Placebo,PLACEB,2023-04-03
STUDY001,SUBJ1178,SITE11,India,APAC,77,YEARS,F,Asian,Drug A,DRUGA,2023-06-25
STUDY001,SUBJ1179,SITE15,India,APAC,66,YEARS,M,Asian,Placebo,PLACEB,2023-05-25
STUDY001,SUBJ1180,SITE12,India,APAC,59,YEARS,M,Asian,Placebo,PLACEB,2023-01-07
STUDY001,SUBJ1181,SITE13,USA,NA,51,YEARS,F,Asian,Drug A,DRUGA,2023-01-13
STUDY001,SUBJ1182,SITE02,India,APAC,70,YEARS,F,Black,Drug A,DRUGA,2023-04-30
STUDY001,SUBJ1183,SITE10,India,APAC,66,YEARS,F,Asian,Drug A,DRUGA,2023-03-07
STUDY001,SUBJ1184,SITE06,USA,NA,71,YEARS,M,Asian,Drug A,DRUGA,2023-01-04
STUDY001,SUBJ1185,SITE03,Germany,EU,49,YEARS,F,Asian,Drug A,DRUGA,2023-05-18
STUDY001,SUBJ1186,SITE03,Germany,EU,42,YEARS,F,Asian,Placebo,PLACEB,2023-03-29
STUDY001,SUBJ1187,SITE15,India,APAC,66,YEARS,M,Other,Drug A,DRUGA,2023-01-17
STUDY001,SUBJ1188,SITE09,Spain,EU,74,YEARS,F,White,Placebo,PLACEB,2023-02-21
STUDY001,SUBJ1189,SITE07,India,APAC,70,YEARS,F,Asian,Drug A,DRUGA,2023-05-14
STUDY001,SUBJ1190,SITE05,USA,NA,54,YEARS,F,White,Drug A,DRUGA,2023-03-10
STUDY001,SUBJ1191,SITE12,India,APAC,55,YEARS,M,Asian,Placebo,PLACEB,2023-05-17
STUDY001,SUBJ1192,SITE10,India,APAC,52,YEARS,M,Asian,Drug A,DRUGA,2023-01-21
STUDY001,SUBJ1193,SITE07,India,APAC,74,YEARS,M,Other,Drug A,DRUGA,2023-01-24
STUDY001,SUBJ1194,SITE09,Spain,EU,50,YEARS,M,White,Placebo,PLACEB,2023-01-04
STUDY001,SUBJ1195,SITE01,India,APAC,60,YEARS,F,Other,Drug A,DRUGA,2023-06-01
STUDY001,SUBJ1196,SITE07,India,APAC,50,YEARS,M,Asian,Placebo,PLACEB,2023-01-03
STUDY001,SUBJ1197,SITE06,USA,NA,69,YEARS,M,White,Drug A,DRUGA,2023-03-09
STUDY001,SUBJ1198,SITE10,India,APAC,74,YEARS,F,Asian,Placebo,PLACEB,2023-04-11
STUDY001,SUBJ1199,SITE14,USA,NA,61,YEARS,F,Asian,Drug A,DRUGA,2023-06-17
STUDY001,SUBJ1200,SITE12,India,APAC,77,YEARS,F,Black,Drug A,DRUGA,2023-06-25
